Year,Pig Manure (t),Cassava (t),Fish waste water (t),Kitchen food waste (t),Municipal fecal residue (t),Tea waste (t),Chicken litter (t),Bagasse feed (t),Alcohol waste (t),Chinese medicine waste (t),Energy grass (t),Banana fruit shafts (t),Lemon waste (t),Percolate (t),Other waste (t),Raw Biogas Produced (m3)
2014,0,0,0,0,0,0,0,0,0,0,0,0,0,0,0,5154
2014,0,0,0,0,0,0,0,0,0,0,0,0,0,0,0,3426
2014,0,0,0,0,0,0,0,0,0,0,0,0,0,0,0,5885
2014,14.9,0,0,0,0,0,0,13,0,0,0,0,0,0,0,3727
2014,0,0,0,0,0,0,0,16,0,0,0,0,0,0,0,4072
2014,14,0,0,0,0,0,0,16,0,0,0,0,0,0,0,4025
2014,14.9,0,0,0,0,0,0,8,0,0,0,0,0,0,0,4664
2014,14,0,0,0,0,0,0,0,0,0,0,0,0,0,0,4592
2014,14.2,0,0,0,0,0,0,7,0,0,0,0,0,0,0,4420
2014,14.2,0,0,0,0,0,0,15,0,0,0,0,0,0,0,4628
2014,17.04,0,0,0,0,0,0,15,0,0,0,0,0,0,0,4662
2014,0,0,0,0,0,0,0,0,0,0,0,0,0,0,0,0
2014,0,0,0,0,0,0,0,0,0,0,0,0,0,0,0,0
2014,0,0,0,0,0,0,0,0,0,0,0,0,0,0,0,0
2014,0,0,0,0,0,0,0,0,0,0,0,0,0,0,0,0
2014,0,0,0,0,0,0,0,0,0,0,0,0,0,0,0,0
2014,0,0,0,0,0,0,0,0,0,0,0,0,0,0,0,0
2014,0,0,0,0,0,0,0,0,0,0,0,0,0,0,0,0
2014,0,0,0,0,0,0,0,0,0,0,0,0,0,0,0,0
2014,0,0,0,0,0,0,0,0,0,0,0,0,0,0,0,0
2014,0,0,0,0,0,0,0,0,0,0,0,0,0,0,0,0
2014,3,0,0,0,0,0,0,15.07,0,0,0,0,0,0,0,6839
2014,12.94,0,0,0,0,0,0,15,0,0,0,0,0,0,0,6251
2014,5.76,0,0,0,0,0,0,15,0,0,0,0,0,0,27.9,7593
2014,6.14,0,0,0,0,0,0,15,0,0,0,0,0,0,27.6,6732
2014,9.56,0,0,0,0,0,0,15,0,0,0,0,0,0,22.52,7916
2014,6.69,0,0,0,0,0,0,8,0,0,0,0,0,0,26.34,5746
2014,6.56,0,0,0,0,0,0,11,0,0,0,0,0,0,26.7,5526
2014,6820,0,0,0,0,0,0,19,0,0,0,0,0,0,28.3,6762
2014,11.5,0,0,0,0,0,0,15,0,0,0,0,0,0,26.16,5820
2014,6.82,0,0,0,0,0,0,15,0,0,0,0,0,0,26.44,7027
2014,0,0,0,0,0,0,0,15,0,0,0,0,0,0,28.92,6674
2014,6.66,0,0,0,0,0,0,15,0,0,0,0,0,0,26.9,7687
2014,12.5,0,0,0,0,0,0,0,0,0,0,0,0,0,0,7145
2014,9.54,0,0,0,0,0,0,9,0,0,0,0,0,0,0,7024
2014,2.98,0,0,0,0,0,0,13,0,0,0,0,0,0,0,3310
2014,6.04,0,0,0,0,0,0,6,0,0,0,0,0,0,0,2816
2014,15.36,0,0,0,0,0,0,9,0,0,0,0,0,0,0,3227
2014,6.3,0,0,0,0,0,0,15,0,0,0,0,0,0,0,3491
2014,7,0,0,0,0,0,0,15,0,0,0,0,0,0,0,2828
2014,3.85,0,0,0,0,0,0,4.5,0,0,0,0,0,0,0,3184
2014,7.52,0,0,0,0,0,0,5,0,0,0,0,0,0,0,3142
2014,0,0,0,0,0,0,0,17.5,0,0,0,0,0,0,0,2979
2014,6.22,0,0,0,0,0,0,20,0,0,0,0,0,0,0,0
2014,6.72,0,0,0,0,0,0,17.5,0,0,0,0,0,0,0,3917
2014,7.02,0,0,0,0,0,0,20,0,0,0,0,0,0,0,1658
2014,5.68,0,0,0,0,0,0,20,0,0,0,0,0,0,0,2590
2014,6.16,0,0,0,0,0,0,20,0,0,0,0,0,0,0,0
2014,6.4,0,0,0,0,0,0,20,0,0,0,0,0,0,0,2902
2014,7.18,0,0,0,0,0,0,20,0,0,0,0,0,0,0,3584
2014,8.58,0,0,0,0,0,0,30,0,0,0,0,0,0,0,3580
2014,6.16,0,0,0,0,0,0,28,0,0,0,0,0,0,0,3141
2014,5.52,0,0,0,0,0,0,32,0,0,0,0,0,0,0,0
2014,5.26,0,0,0,0,0,0,30,0,0,0,0,0,0,0,0
2014,9.52,0,0,0,0,0,0,30,0,0,0,0,0,0,0,3730
2014,6.62,0,0,0,0,0,0,21,0,0,0,0,0,0,0,5200
2014,6.28,0,0,0,0,0,0,15,0,0,0,0,0,0,0,4762
2014,0,0,0,0,0,0,0,19.25,0,0,0,0,0,0,0,0
2014,0,0,0,0,0,0,0,30,0,0,0,0,0,0,0,4745
2014,0,0,0,0,0,0,0,30,0,0,0,0,0,0,0,0
2014,0,0,0,0,0,0,0,20,0,0,0,0,0,0,0,3214
2014,0,0,0,0,0,0,0,20,0,0,0,0,0,0,0,4300
2014,0,0,0,0,0,0,0,20,0,0,0,0,0,0,0,3990
2014,6.2,0,0,0,0,0,0,20,0,0,0,0,0,0,0,4568
2014,6.32,0,0,0,0,0,0,10,0,0,0,0,0,0,0,2533
2014,0,0,0,0,0,0,0,0,0,0,0,0,0,0,0,1245
2014,0,0,0,0,0,0,0,0,0,0,0,0,0,0,0,2413
2014,0,0,0,0,0,0,0,0,0,0,0,0,0,0,0,2084
2014,0,0,0,0,0,0,0,0,0,0,0,0,0,0,0,1930
2014,0,0,0,0,0,0,0,0,0,0,0,0,0,0,0,1740
2014,0,0,0,0,0,0,0,0,0,0,0,0,0,0,0,0
2014,0,0,0,0,0,0,0,0,0,0,0,0,0,0,0,0
2014,0,0,0,0,0,0,0,0,0,0,0,0,0,0,0,0
2014,0,0,0,0,0,0,0,0,0,0,0,0,0,0,0,910
2014,0,0,0,0,0,0,0,0,0,0,0,0,0,0,0,0
2014,0,0,0,0,0,0,0,0,0,0,0,0,0,0,0,2160
2014,0,0,0,0,0,0,0,0,0,0,0,0,0,0,0,590
2014,14.6,0,0,0,0,0,0,20.8,0,0,0,0,0,0,0,0
2014,17.8,0,0,0,0,0,0,26.104,0,0,0,0,0,0,0,1344
2014,10.92,0,0,0,0,0,0,0,0,0,0.44,0,0,0,0,3948
2014,0,0,0,0,0,0,0,10.92,0,0,0,0,0,0,0,2225
2014,3.6,0,0,0,0,0,0,25.1,0,0,0,0,0,0,0,5963
2014,9.28,0,0,0,0,0,0,20,0,0,0,0,0,0,0,4934
2014,9.68,0,0,0,0,0,0,20,0,0,0,0,0,0,0,3415
2014,9.68,0,0,0,0,0,0,20,0,0,0,0,0,0,0,3893
2014,10.9,0,0,0,0,0,0,20,0,0,0,0,0,0,0,3359
2014,10.4,0,0,0,0,0,0,30,0,0,0,0,0,0,0,2538
2014,3.68,0,0,0,0,0,0,37,0,0,0,0,0,0,0,5125
2014,9.44,0,0,0,0,0,0,37.8,0,0,0,0,0,0,0,5077
2014,6.66,0,0,0,0,0,0,40,0,0,0,0,0,0,0,5265
2014,0,0,0,0,0,0,0,0,0,0,0,0,0,0,0,0
2014,11.84,0,0,0,0,0,0,40,0,0,0,0,0,0,0,6650
2014,3.18,0,0,0,0,0,0,40,0,0,0,0,0,0,0,3597
2014,6.54,0,0,0,0,0,0,40,0,0,0,0,0,0,0,8240
2014,6.74,0,0,0,0,0,0,35,0,0,0.46,0,0,0,0,6577
2014,6.46,0,0,0,0,0,0,40,0,0,0,0,0,0,0,6412
2014,3.5,0,0,0,0,0,0,40,0,0,0,0,0,0,0,6793
2014,3.68,0,0,0,0,0,0,20,0,0,0,0,0,0,0,3423
2014,6.44,0,0,0,0,0,0,40,0,0,0,0,0,0,0,5527
2014,12.74,0,0,0,0,0,0,32,0,0,0,0,0,0,7.8,7444
2014,14.52,0,0,0,0,0,0,40,0,0,0,0,0,0,10.4,9175
2014,6.22,0,0,0,0,0,0,40,0,0,0,0,0,0,15.4,10550
2014,9.24,0,0,0,0,0,0,40,0,0,0,0,0,0,20,9824
2014,10.42,0,0,0,0,0,0,40,0,0,0,0,0,0,7.3,0
2014,11.98,0,0,0,0,0,0,40,0,0,0,0,0,0,0,13507
2014,11.76,0,0,0,0,0,0,40,0,0,0,0,0,0,0,8835
2014,14.85,0,0,0,0,0,0,36,0,0,0,0,0,0,15,8875
2014,6.1,0,0,0,0,0,0,20,0,0,0,0,0,0,30,12212
2014,0,0,0,0,0,0,0,0,0,0,0,0,0,0,0,0
2014,0,0,0,0,0,0,0,0,0,0,0,0,0,0,0,0
2014,0,0,0,0,0,0,0,0,0,0,0,0,0,0,0,0
2014,0,0,0,0,0,0,0,18,0,0,0,0,0,0,8.1,4661
2014,0,0,0,0,0,0,0,40,0,0,0,0,0,0,0,4659
2014,0,0,0,0,0,0,0,40,0,0,0,0,0,0,10,6131
2014,6.4,0,0,0,0,0,0,20,0,0,0,0,0,0,0,4967
2014,0,0,0,0,0,0,0,27,0,0,0,0,0,0,0,4726
2014,0,0,0,0,0,0,0,23,0,0,0,0,0,0,5,3558
2014,0,0,0,0,0,0,0,50,0,0,0,0,0,0,10,6348
2014,9.68,0,0,0,0,0,0,26,0,0,0,0,0,0,10,5081
2014,9.7,0,0,0,0,0,0,50,0,0,0,0,0,0,5,6783
2014,0,0,0,0,0,0,0,6.36,0,0,0,0,0,0,0,5940
2014,0,0,0,0,0,0,0,0,0,0,0,0,0,0,0,0
2014,14.32,0,0,0,0,0,0,40,0,0,0,0,0,0,0,8189
2014,3.26,0,0,0,0,0,0,40,0,0,0,0,0,0,0,4910
2014,3.24,0,0,0,0,0,0,27,0,0,0,0,0,0,0,5026
2014,2.96,0,0,0,0,7.36,0,5.4,0,0,0,0,0,0,0,3118
2014,6.47,0,0,0,0,8.7,0,19.08,0,0,0,0,0,0,0,5123
2014,3.16,0,0,0,0,0,0,29,0,0,0,0,0,0,0,4451
2014,3.02,0,0,0,0,0,0,37,0,0,0,0,0,0,0,5317
2014,3.26,0,0,0,0,0,0,35,0,0,0,0,0,0,4.02,6696
2014,10.16,0,0,0,0,0,0,40,0,0,0,0,0,0,0,6009
2014,10.44,0,0,0,0,0,0,40,0,0,0,0,0,0,0,5104
2014,8.28,0,0,0,0,0,0,35,0,0,0,0,0,0,0,4518
2014,8.61,0,0,0,0,0,0,40,0,0,0,0,0,0,0,5823
2014,0,0,0,0,0,0,0,40,0,0,0,0,0,0,0,5242
2014,10.24,0,0,0,0,0,0,40,0,0,0,0,0,0,0,6126
2014,5.74,0,0,0,0,0,0,21,0,0,0,0,0,0,0,5530
2014,3.64,0,0,0,0,0,0,16,0,0,0,0,0,0,0,5075
2014,3.2,0,0,0,0,0,0,14,0,0,0,0,0,0,0,5550
2014,5.94,0,0,0,0,0,0,35,0,0,0,0,0,0,0,5932
2014,2.82,0,0,0,0,0,0,0,0,0,0,0,0,0,0,4107
2014,5.56,0,0,0,0,0,0,33,0,0,0,0,0,0,0,6990
2014,5.44,0,0,0,0,0,0,30,0,0,0,0,0,0,0,7385
2014,0,0,0,0,0,0,0,37,0,0,0,0,0,0,0,6213
2014,3.5,0,0,0,0,0,0,36,0,0,0,0,0,0,0,4796
2014,6.56,0,0,0,0,0,0,15,0,0,0,0,0,0,0,5659
2014,3.06,0,0,0,0,0,0,34,0,0,0,0,0,0,0,6452
2014,3.02,0,0,0,0,0,0,35,0,0,0,0,0,0,0,5483
2014,3,0,0,0,0,0,0,31,0,0,0,0,0,0,0,12928
2014,0,0,0,0,0,0,0,30,0,0,0,0,0,0,0,6062
2014,2.98,0,0,0,0,0,0,29,0,0,0,0,0,0,0,4402
2014,3.66,0,0,0,0,0,0,26,0,0,0,0,0,0,0,0
2014,0,0,0,0,0,0,0,10,0,0,0,0,0,0,0,5169
2014,10.1,0,0,0,0,0,0,10,0,0,0,0,0,0,0,4758
2014,9.88,0,0,0,0,0,0,22,0,0,0,0,0,0,0,4729
2014,3.18,0,0,0,0,0,0,20,0,0,0,0,0,0,0,4153
2014,3.06,0,0,0,0,0,0,22.7,0,0,0,0,0,0,0,4528
2014,3.5,0,11,0,0,2.12,0,32,0,0,0,0,0,0,0,7638
2014,3.46,0,11,0,0,0,0,0,0,0,0,0,0,0,0,5520
2014,0,0,11,0,0,0,0,0,0,0,0,0,0,0,20,6600
2014,0,0,14.02,0,0,0,0,0,0,0,0,0,0,0,22.1,6183
2014,8.68,0,10,0,0,0,0,2,0,0,0,0,0,0,24,7113
2014,2.52,0,10,0,0, ,0,8,0,0,0,0,0,0,29.94,5909
2014,3.72,0,10.6,0,0,0,0,10,0,0,0,0,0,0,24,7132
2014,3.78,0,0,0,0,0,0,14,0,0,0,0,0,0,18.58,8533
2014,3.42,0,0,0,0,0,0,5.6,21.84,0,0,0,0,0,0,4500
2014,3.12,0,0,0,0,0,0,12.3,0,0,0,0,0,0,0,4629
2014,6.18,0,0,0,0,0,0,4,0,0,0,0,0,0,0,3448
2014,0,0,0,0,0,0,0,0,0,0,0,0,0,0,0,0
2014,0,0,0,0,0,0,0,12,21.2,0,0,0,0,0,0,3463
2014,3.54,0,0,0,0,0,0,21,0,0,0,0,0,0,0,4516
2014,2.69,0,0,0,0,0,0,18,0,0,0,0,0,0,0,4104
2014,3.07,0,0,0,0,0,0,22.6,11.28,0,0,0,0,0,0,5343
2014,2.98,0,0,0,0,0,0,26.1,0,0,0,0,0,0,0,5667
2014,2.26,0,0,0,0,0,0,16.8,0,0,0,0,0,0,0,4565
2014,3.54,0,0,0,0,0,0,21.5,0,0,0,0,0,0,0,4631
2014,10.5,0,2.88,0,0,0,0,2,0,0,0,0,0,0,0,4122
2014,10.3,0,0,0,0,3.44,0,1,0,0,0,0,0,0,0,3064
2014,3.37,0,0,0,0,5.94,0,1,11.1,0,0,0,0,0,0,3645
2014,3.44,0,0,0,0,0,0,3.8,0,0,0,0,0,0,0,1796
2014,3.36,0,0,0,0,0,0,0,0,0,0,0,0,0,0,2992
2014,9.52,0,0,0,0,0,0,0,0,0,0,0,0,0,0,2505
2014,0,0,0,0,0,0,0,1,11,0,0,0,0,0,0,1701
2014,0,0,0,0,0,0,0,0,0,0,0,0,0,0,0,3836
2014,0,0,0,0,0,0,0,0,0,0,0,0,0,0,0,4006
2014,0,0,0,0,0,0,0,0,0,0,0,0,0,0,0,3117
2014,6.54,0,0,0,0,0,0,0,0,0,0,0,0,0,0,2678
2014,0,0,11,0,0,0,0,11.2,0,0,0,0,0,0,0,4608
2014,0,0,11,0,0,0,0,4.9,0,0,0,0,0,0,0,4004
2014,0,0,11,0,0,0,0,10.5,0,0,0,0,0,0,0,4224
2014,0,0,14.02,0,0,0,0,17.5,0,0,0,0,0,0,0,4478
2014,0,0,10,0,0,0,0,4.9,0,0,0,0,0,0,0,3339
2014,0,0,10,0,0,0,0,0,0,0,0,0,0,0,0,3998
2014,0,0,10.6,0,0,0,0,0,0,0,0,0,0,0,0,2912
2014,0,0,0,0,0,0,0,0,0,0,0,0,0,0,0,2491
2014,0,0,0,0,0,0,0,0,0,0,0,0,0,0,0,2300
2014,0,0,0,0,0,0,0,0,0,0,0,0,0,0,0,1984
2014,0,0,0,0,0,0,0,0,0,0,0,0,0,0,0,1865
2014,0,0,0,0,0,0,0,10.5,0,0,0,0,0,0,0,1611
2014,0,0,0,0,0,0,0,12,0,0,0,0,0,0,0,1854
2014,0,0,0,0,0,0,0,0,0,0,0,0,0,0,0,1169
2014,0,0,0,0,0,0,0,0,0,0,0,0,0,0,0,1530
2014,0,0,0,0,0,0,0,0,0,0,0,0,0,0,0,1169
2014,0,0,0,0,0,0,0,0,0,0,0,0,0,0,0,1735
2014,5.6,0,0,0,0,0,0,0,0,0,0,0,0,0,0,1620
2014,6.02,0,0,0,0,0,0,0,0,0,0,0,0,0,0,2520
2014,0,0,2.88,0,0,0,0,0,0,0,0,0,0,0,0,2537
2014,0,0,0,0,0,0,0,3,0,0,0,0,0,0,0,1117
2014,0,0,0,0,0,0,0,15,0,0,0,0,0,0,0,0
2014,2.78,0,0,0,0,0,0,24.8,0,0,0,0,0,0,0,2297
2014,5.98,0,0,0,0,0,0,31,0,0,0,0,0,0,0,2505
2014,2.86,0,0,0,0,0,0,15,0,0,0,0,0,0,0,2949
2014,0,0,0,0,0,0,0,16,0,0,0,0,0,0,0,605
2014,0,0,0,0,0,0,0,15,0,0,0,0,0,0,0,994
2014,12.38,0,0,0,0,0,0,10,0,0,0,0,0,0,0,2204
2014,6.32,0,0,0,0,0,0,25,0,0,0,0,0,0,0,3271
2014,6.5,0,0,0,0,0,0,25,0,0,0,0,0,0,0,3699
2014,10.72,0,0,0,0,0,0,25,0,0,0,0,0,0,0,3682
2014,3.04,0,0,0,0,0,0,25,0,0,0,0,0,0,0,3845
2014,6.74,0,0,0,0,0,0,25,0,0,0,0,0,0,0,3652
2014,6.14,0,0,0,0,0,0,25,0,0,0,0,0,0,0,3276
2014,2.94,0,0,0,0,0,0,25,0,0,0,0,0,0,0,4021
2014,3.16,0,0,0,0,0,0,25,0,0,0,0,0,0,0,4078
2014,6.66,0,0,0,0,0,0,24,0,0,0,0,0,0,0,4665
2014,9.32,0,0,0,0,0,0,25,0,0,0,0,0,0,0,4716
2014,0,0,0,0,0,0,0,12,0,0,0,0,0,0,0,1138
2014,4.24,0,0,0,0,0,0,20,0,0,0,0,0,0,0,3715
2014,0,0,0,0,0,0,0,30,0,0,0,0,0,0,0,4522
2014,8.2,0,0,0,0,0,0,30,0,0,0,0,0,0,0,4973
2014,10.75,0,0,0,0,0,0,30,0,0,0,0,0,0,0,5083
2014,9.52,0,0,0,0,0,0,30,0,0,0,0,0,0,0,5540
2014,10.32,0,0,0,0,0,0,30,0,0,0,0,0,0,0,5455
2014,2.96,0,0,0,0,0,0,22,0,0,0,0,0,0,0,5609
2014,3.18,0,0,0,0,0,0,14,0,0,0,0,0,0,0,5751
2014,4.08,0,0,0,0,0,0,23,0,0,0,0,0,0,0,5777
2014,3.44,0,0,0,0,0,0,30,0,0,0,0,0,0,0,6570
2014,9.3,0,0,0,0,0,0,30,0,0,0,0,0,0,0,5854
2014,10.3,0,0,0,0,0,0,25,0,0,0,0,0,0,0,6027
2014,0,0,0,0,0,0,0,19,0,0,0,0,0,0,0,6101
2014,3.22,0,8.26,0,0,0,0,30,0,0,0,0,0,0,0,6213
2014,3.1,0,0,0,0,0,0,25,0,0,0,0,0,0,0,5726
2014,4.96,0,0,0,0,0,0,20,0,0,0,0,0,0,0,5048
2014,11.3,0,0,0,0,0,0,20,0,0,0,0,0,0,0,5253
2014,3.08,0,0,0,0,0,0,11,0,0,0,0,0,0,0,4492
2014,6.52,0,0,0,0,0,0,27,0,0,0,0,0,0,0,4188
2014,3.12,0,0,0,0,0,0,33,0,0,0,0,0,0,0,4361
2014,2.96,0,10,0,0,0,0,25,0,0,0,0,0,0,0,3978
2014,3.14,0,20,0,0,0,0,20,0,0,0,0,0,0,0,5447
2014,6.98,0,17.76,0,0,0,0,26,0,0,0,0,0,0,0,5861
2014,0,0,0,0,0,0,0,16,0,0,0,0,0,0,0,4437
2014,4.44,0,15,0,0,0,0,40,0,0,0,0,0,0,0,5116
2014,3.14,0,15,0,0,0,0,34,0,0,0,0,0,0,0,5397
2014,8.2,0,16.48,0,0,0,0,35,0,0,0,0,0,0,0,4555
2014,3.1,0,0,0,0,0,0,31,0,0,0,0,0,0,0,5155
2014,11.54,0,30,0,0,0,0,35,0,0,0,0,0,0,0,6231
2014,6.32,0,15.38,0,0,0,0,26,0,0,0,0,0,0,0,5967
2014,12.3,0,15,0,0,0,0,36,0,0,0,0,0,0,0,6306
2014,18.38,0,22.42,0,0,0,0,36.8,0,0,0,0,0,0,0,7686
2014,13.48,0,0,0,0,0,0,36.8,0,0,0,0,0,0,0,6987
2014,6.54,0,0,0,0,0,0,38,0,0,0,0,0,0,0,5834
2014,9.3,0,0,0,0,0,0,35,0,0,0,0,0,0,0,6021
2014,10.8,0,0,0,0,0,0,19.78,0,0,0,0,0,0,0,6405
2014,4.6,0,0,0,0,0,0,22.7,0,0,0,0,0,0,0,5821
2014,7.58,0,0,0,0,0,0,37,0,0,0,0,0,0,0,6016
2014,7.74,0,0,0,0,0,0,24,0,0,0,0,0,0,0,4224
2014,14,0,0,0,0,0,0,38,0,0,0,0,0,0,0,6433
2014,9.5,0,0,0,0,0,0,36,0,0,0,0,0,0,0,3860
2014,8.6,0,0,0,0,0,0,33.6,0,0,0,0,0,0,0,8184
2014,8.82,0,0,0,0,0,0,40,0,0,0,0,0,0,0,7018
2014,3.14,20,0,0,0,0,0,22.64,0,0,0,0,0,0,0,6893
2014,3.26,40,8.74,0,0,0,0,16.5,0,0,0,0,0,0,0,9121
2014,8.5,40,0,0,0,0,0,8.2,0,0,0,0,0,0,0,10130
2014,7.58,40,0,0,0,0,0,0,0,0,0,0,0,0,0,8529
2014,17.42,24.7,0,0,0,0,0,8,0,0,0,0,0,0,0,8933
2014,6.2,37,13.14,0,0,0,0,8.8,0,0,0,0,0,0,0,8978
2015,6.26,40,0,0,0,0,0,22,0,0,0,0,0,0,0,8175
2015,6.84,40,0,0,0,0,0,21,0,0,0,0,0,0,0,8604
2015,9.76,37,0,0,0,0,0,20,0,0,0,0,0,0,0,7745
2015,10.82,43,0,0,0,0,0,22,0,0,0,0,0,0,0,9245
2015,8.14,42,0,0,0,0,0,21,0,0,0,0,0,0,0,9357
2015,8.84,40,0,0,0,0,0,22,0,0,0,0,0,0,0,10043
2015,11.1,35,8.22,0,0,0,0,20,0,0,0,0,0,0,0,4776
2015,3.1,33,15.1,0,0,0,0,21,0,0,0,0,0,0,0,8688
2015,9.16,34,0,0,0,0,0,20,0,0,0,0,0,0,0,9743
2015,9.64,40,0,0,0,0,0,22,0,0,0,0,0,0,0,9700
2015,4.96,40,8.2,0,0,0,0,21,0,0,0,0,0,0,0,10053
2015,10.36,40,8.14,0,0,0,0,20,0,0,0,0,0,0,0,9468
2015,0,41,8.02,0,0,0,0,21,0,0,0,0,0,0,0,9334
2015,9.74,33,0,0,0,0,0,17.6,0,0,0,0,0,0,0,9163
2015,11.6,40,0,0,0,0,0,4,0,0,0,0,0,0,0,9694
2015,6.32,40,0,0,0,0,0,3,0,0,0,0,0,0,0,7832
2015,8.42,40,7.02,0,0,0,0,9.7,0,0,0,0,0,0,0,11012
2015,8.88,40,8.16,0,0,0,0,12.3,0,0,0,0,0,0,0,9853
2015,9.26,40,0,0,0,0,0,11.4,0,0,0,0,0,0,0,9136
2015,12.74,40,8.38,0,0,0,0,17.6,0,0,0,0,0,0,0,9105
2015,3.28,48,8.06,0,0,0,0,4.4,0,0,0,0,0,0,0,9220
2015,7.38,45,8.34,0,0,0,0,11.4,0,0,0,0,0,0,0,10835
2015,5.12,42.5,16.54,0,0,0,0,9.7,0,0,0,0,0,0,0,11518
2015,7.88,45,7.92,0,0,0,0,7.9,0,0,0,0,0,0,0,10740
2015,4.4,45,8.08,0,0,0,0,8.8,0,0,0,0,0,0,0,9350
2015,6.56,45,15.68,0,0,0,0,15,0,0,0,0,0,0,0,11559
2015,4.46,45,8.3,0,0,0,0,10,0,0,0,0,0,0,0,9673
2015,0,45,8.28,0,0,0,0,8,0,0,0,0,0,0,0,10084
2015,7.18,45,8.2,0,0,0,0,8,0,0,0,0,0,0,0,10554
2015,11.08,22.7,0,0,0,0,0,7,0,0,0,0,0,0,0,8039
2015,0,0,0,0,0,0,0,0,0,0,0,0,0,0,0,0
2015,9.44,67,8.36,0,0,0,0,5.8,0,0,0,0,0,0,0,8520
2015,3.12,67,8.48,0,0,0,0,12,0,0,0,0,0,0,0,9525
2015,14,67,0,0,0,0,0,5,0,0,0,0,0,0,0,9594
2015,9.86,67,17.14,0,0,0,0,10,0,0,0,0,0,0,0,10937
2015,14.22,67,8.46,0,0,0,0,8.4,0,0,0,0,0,0,0,10102
2015,9.98,67,16.22,0,0,0,0,15,0,0,0,0,0,0,0,10533
2015,17.4,67,0,0,0,0,0,13.2,0,0,0,0,0,0,0,10283
2015,7.3,67,8.08,0,0,0,0,0,0,0,0,0,0,0,0,11183
2015,10.18,65.5,8.36,0,0,0,0,7,0,0,0,0,0,0,0,8913
2015,12.1,20.28,8.28,0,0,0,0,28.37,0,0,0,0,0,0,0,7856
2015,6.48,1.5,0,0,0,0,0,33.4,0,0,0,0,0,0,10,7444
2015,18.22,0,0,0,0,0,0,21,0,0,0,0,0,0,15,7054
2015,0,0,0,0,0,0,0,8,0,0,0,0,0,0,15,5486
2015,19.76,0,0,0,0,0,0,30,0,0,0,0,0,0,4.8,6975
2015,22.36,0,0,0,0,0,0,22,0,0,0,0,0,0,0,6794
2015,8.28,0,0,0,0,0,0,30,0,0,0,0,0,0,0,7096
2015,2.78,0,0,0,0,0,0,0,0,0,0,0,0,0,0,4847
2015,0,0,0,0,0,0,0,0,0,0,0,0,0,0,0,3874
2015,0,0,0,0,0,0,0,0,0,0,0,0,0,0,0,3448
2015,0,0,0,0,0,0,0,0,0,0,0,0,0,0,0,3691
2015,0,0,0,0,0,0,0,0,0,0,0,0,0,0,0,2715
2015,0,0,0,0,0,0,0,18,0,0,0,0,0,0,0,3024
2015,9.4,0,0,0,0,0,0,20,0,0,0,0,0,0,0,4174
2015,4.4,0,0,0,0,0,0,32,0,0,0,0,0,0,0,4343
2015,13.44,0,0,0,0,0,0,30,0,0,0,0,0,0,0,5129
2015,4.86,0,0,0,0,0,0,26,0,0,0,0,0,0,0,4921
2015,15.82,0,0,0,0,0,0,25,0,0,0,0,0,0,0,5241
2015,0,0,0,0,0,0,0,0,0,0,0,0,0,0,0,0
2015,0,0,0,0,0,0,0,30,0,0,0,0,0,0,0,5565
2015,10.5,0,0,0,0,0,0,39,0,0,0,0,0,0,4.02,6695
2015,14.24,0,0,0,0,0,0,23,0,0,0,0,0,0,0,6555
2015,0,0,0,0,0,0,0,0,0,0,0,0,0,0,0,4988
2015,14.76,0,0,0,0,0,0,28,0,0,0,0,0,0,0,5885
2015,5.88,0,0,0,0,0,0,30,0,0,0,0,0,0,0,6664
2015,7.92,0,0,0,0,0,0,32,0,0,0,0,0,0,0,5627
2015,5.64,0,7.86,0,0,0,0,23,0,0,0,0,0,0,0,6048
2015,16.54,0,0,0,0,0,0,23,0,0,0,0,0,0,0,6017
2015,7.56,0,7.08,0,0,0,0,27,0,0,0,0,0,0,0,6538
2015,14.88,0,0,0,0,0,0,26,0,0,0,0,0,0,0,6213
2015,6.9,0,8.44,0,0,0,0,21,0,0,0,0,0,0,0,6040
2015,3.96,0,0,0,0,0,0,30,0,0,0,0,0,0,0,5994
2015,12.52,0,7.38,0,0,0,0,28,0,0,0,0,0,0,0,6573
2015,5.26,0,7.42,0,0,0,0,38.4,0,0,0,0,0,0,0,6601
2015,6.14,0,2,0,0,0,0,29,0,0,0,0,0,0,0,7089
2015,15.68,0,5.36,0,0,0,0,19,0,0,0,0,0,0,0,5040
2015,3.74,0,8.54,0,0,0,0,25,0,0,0,0,0,0,0,7977
2015,6.64,0,8.46,0,0,0,0,26,0,0,0,0,0,0,0.34,7526
2015,14.98,0,0,0,0,0,0,16,0,0,0,0,0,0,2.4,5965
2015,0.9,0,0,0,0,0,0,17,0,0,0,0,0,0,0.54,6035
2015,10.22,0,8.06,0,0,0,0,25,0,0,0,0,0,0,0.4,6696
2015,7.22,0,0,0,0,0,0,29,0,0,0,0,0,0,0.1,6234
2015,15.78,0,8.24,0,0,0,0,21,0,0,0,0,0,0,1.58,6573
2015,10.42,0,0,0,0,0,0,29,0,0,0,0,0,0,2.74,6090
2015,10.44,0,15.86,0,0,9.12,0,25,0,0,0,0,0,0,2.3,6993
2015,12.64,0,12.94,0,0,6.52,0,24.77,0,0,0,0,0,0,0,7050
2015,6.24,0,16.34,0,0,0,0,26,0,0,0,0,0,0,5.37,8649
2015,13.9,0,16.04,0,0,0,0,24.2,0,0,0,0,0,0,2.76,6475
2015,8.02,0,16.44,0,0,0,0,26,0,0,0,0,0,0,0,8124
2015,18.74,0,16.68,0,0,0,0,27,0,0,0,0,0,0,2.14,8885
2015,13.4,0,16.36,0,0,0,0,29,0,0,0,0,0,0,0,7686
2015,13.72,0,16.6,0,0,0,0,23,0,0,0,0,0,0,1.04,7751
2015,5.2,0,33.06,0,0,0,0,22,0,0,0,0,0,0,1.7,9385
2015,5.54,0,0,0,0,0,0,26,0,0,0,0,0,0,0.16,6900
2015,7.3,0,0,0,0,0,0,28,0,0,0,0,0,0,0.12,7001
2015,0,0,0,0,0,0,0,25,0,0,0,0,0,0,0.2,6341
2015,9.16,0,0,0,0,0,0,25.1,0,0,0,0,0,0,0.46,6245
2015,6.08,0,0,0,0,0,0,20,0,0,0,0,0,0,5.12,6298
2015,13.26,0,15.34,0,0,0,0,25,0,0,0,0,0,0,15.58,8043
2015,6.1,0,15.92,0,0,0,0,30.6,0,0,0,0,0,0,22.86,8575
2015,17.96,0,8.14,0,0,0,0,22.8,0,0,0,0,0,0,0,8125
2015,0,0,0,0,0,0,0,31,0,0,0,0,0,0,0,6614
2015,21.14,0,8.44,0,0,0,0,21.3,0,0,0,0,0,0,4.86,7063
2015,4.36,0,24.8,0,0,0,0,29,0,0,0,0,0,0,4.84,9197
2015,10.66,0,16.42,0,0,0,0,31,0,0,0,0,0,0,0,8819
2015,12.56,0,0,0,0,0,0,36,0,0,0,0,0,0,3.8,6870
2015,4.18,0,8.34,0,0,0,0,33.3,0,0,0,0,0,0,0,6951
2015,17.92,0,8.62,0,0,0,0,12.15,0,0,0,0,0,0,0,6015
2015,12.12,0,8.24,0,0,0,0,27.48,0,0,0,0,0,0,0,6907
2015,0,0,0,0,0,0,0,22.29,0,0,0,0,0,0,0,7585
2015,0,0,17.04,0,0,0,0,26,0,0,0,0,0,0,0.2,6851
2015,10.66,0,14.06,0,0,0,0,25,0,0,0,0,0,0,0.66,5890
2015,0,0,8.82,0,0,0,0,7.3,0,0,0,0,0,0,5.58,5660
2015,0,0,0,0,0,0,0,17.01,0,0,0,0,0,0,0,3569
2015,18.96,31.42,0,0,0,6.76,0,15.38,0,0,0,0,0,0,0,7683
2015,19,0,0,0,0,6.36,0,13.7,0,0,0,0,0,0,25,11364
2015,11,0,0,0,0,0,0,27.82,0,0,0,0,0,0,2.06,7047
2015,5.34,0,0,0,0,0,0,29,0,0,0,0,0,0,0,7536
2015,10.4,36.08,0,0,0,0,0,11.3,0,0,0,0,0,0,0.54,8030
2015,7.84,7.5,0,0,0,0,0,13.77,0,0,0,0,0,0,1.42,5551
2015,0,0,0,0,0,0,0,25.08,0,0,0,0,0,0,1.52,6402
2015,15.98,0,0,0,0,0,0,38.05,0,0,0,0,0,0,0,7032
2015,6.16,0,7.36,0,0,0,0,32,0,0,0,0,0,0,0,6936
2015,11.8,0,24.28,0,0,0,0,28,0,0,0,0,0,0,15,9601
2015,11.98,0,5.5,0,0,0,0,34.1,0,0,0,0,0,0,1.2,7765
2015,4.84,0,17.14,0,0,0,0,13.81,0,0,0,0,0,0,0,7621
2015,8.74,0,0,0,0,0,0,12.16,0,0,0,0,0,0,0,6046
2015,14.94,0,15.82,0,0,0,0,14.67,0,0,0,0,0,0,0.6,7579
2015,0,0,0,0,0,0,0,60,0,0,0,0,0,0,0,7816
2015,10.8,0,16.82,0,0,0,0,61,0,0,0,0,0,0,0,8903
2015,18.88,35.84,0,0,0,0,0,84,0,0,0,0,0,0,0,13602
2015,15.26,30.72,15.28,0,0,0,0,13.77,0,0,0,0,0,0,0,6544
2015,13.92,30,16.52,0,0,0,0,29.16,0,0,0,0,0,0,0,15508
2015,19.68,40.18,8.58,0,0,0,0,48.63,0,0,0,0,0,0,0,14730
2015,11.14,40,7.4,0,0,0,0,39,0,0,0,0,0,0,0.3,15011
2015,13.2,21,7.94,0,0,0,0,34.84,0,0,0,0,0,0,0,12960
2015,8.64,20.24,0,0,0,0,0,54.14,0,0,0,0,0,0,0,1252
2015,12.08,0,16.24,0,0,0,0,85.05,0,0,0,0,0,0,0,12225
2015,11.38,20.48,8.14,0,0,0,0,82,0,0,0,0,0,0,0,13759
2015,12.14,20.48,8.32,0,0,0,0,75.68,0,0,0,0,0,0,0,14361
2015,11.02,20,8.04,0,0,0,0,80,0,0,0,0,0,0,0,16524
2015,14.24,20,0,0,0,0,0,81,0,0,0,0,0,0,0,16777
2015,3,95.04,8.14,0,0,0,0,23.49,0,0,0,0,0,0,18.4,15693
2015,2.9,0,0,0,0,0,0,46.98,0,0,0,0,0,0,57.86,19351
2015,14.46,0,6.4,0,0,0,0,81,0,0,0,0,0,0,0,15649
2015,9.84,0,0,0,0,0,0,81,0,0,0,0,0,0,0,13572
2015,5.96,0,0,0,0,0,0,56.26,0,0,0,0,0,0,0,11921
2015,4.78,0,2.9,0,0,0,0,41.6,0,0,0,0,0,0,0,9010
2015,14.04,0,0,0,0,0,0,40,0,0,0,0,0,0,0,8345
2015,6.42,0,0,0,0,0,0,40,0,0,0,0,0,0,0,10165
2015,10.18,0,0,0,0,0,0,40,0,0,0,0,0,0,0,9157
2015,5.36,0,0,0,0,0,0,40,0,0,0,0,0,0,0,6336
2015,12.78,0,0,0,0,0,0,40,0,0,0,0,0,0,0,6752
2015,5.32,0,8.12,0,0,0,0,40,0,0,0,0,0,0,0,7743
2015,10.48,0,8.06,0,0,0,0,40,0,0,0,0,0,0,0,9700
2015,9.96,0,0,0,0,0,0,40,0,0,0,0,0,0,0,8967
2015,3.12,0,0,0,0,0,0,40,0,0,0,0,0,0,0,8446
2015,6.1,0,0,0,0,0,0,20,22.42,0,0,0,0,0,0,8958
2015,6.12,0,0,0,0,0,0,18,22.56,0,0,0,0,0,0,8596
2015,10.66,0,0,0,0,0,0,22.68,17.16,0,0,0,0,0,0,9639
2015,9.84,0,5.92,0,0,0,0,29.16,11.28,0,0,0,0,0,0,9283
2015,0,0,0,0,0,0,0,20.38,2.62,0,0,0,0,0,0,8397
2015,15.2,0,0,0,0,0,0,13,0,0,0,0,0,0,0,7771
2015,10.3,0,0,0,0,0,0,0,0,0,0,0,0,0,0,6685
2015,0,0,0,0,0,0,0,0,0,0,0,0,0,0,0,3826
2015,9.2,0,0,0,0,0,0,2.5,0,0,0,0,0,0,0,4019
2015,10.68,0,8,0,0,0,0,21.87,0,0,0,0,0,0,0,5871
2015,5.74,0,0,0,0,0,0,25.11,0,0,0,0,0,0,0,5749
2015,11.48,0,0,0,0,0,0,25.17,0,0,0,0,0,0,0,6390
2015,13.5,0,0,0,0,0,0,25.17,0,0,0,0,0,0,0,6893
2015,0,0,0,0,0,0,0,25,0,0,0,0,0,0,0,6343
2015,10.08,0,0,0,0,0,0,25,0,0,0,0,0,0,0,6036
2015,5.74,0,0,0,0,0,0,17,0,0,0,0,0,0,0,5676
2015,4.98,0,0,0,0,0,0,21,4.48,0,0,0,0,0,0,5904
2015,10.26,0,2.34,0,0,0,0,25,0,0,0,0,0,0,0,5943
2015,12.06,0,0,0,0,0,0,12,0,0,0,0,0,0,0,6413
2015,20.38,0,4.22,0,0,0,0,13.76,0,0,0,0,0,0,0,5829
2015,0,20.42,0,0,0,0,0,17,0,0,0,0,0,0,0,5529
2015,0,0,8.28,0,0,0,0,16.2,0,0,0,0,0,0,0,5169
2015,0,15,23.48,0,0,0,0,10,0,0,0,0,0,0,0,7040
2015,5.3,28,15.14,0,0,0,0,8.1,0,0,0,0,0,0,0,7050
2015,0,14.5,25.36,0,0,0,0,2.5,5.54,0,0,0,0,0,0,6924
2015,12.28,0,15.9,0,0,0,0,14.58,0,0,0.6,0,0,0,38.84,8894
2015,0,18.32,29.62,0,0,0,0,8.8,0,0,0,0,0,0,34.94,9790
2015,18.48,0,0,0,0,0,0,12.96,0,0,0,0,0,0,35.84,8642
2015,10.4,18.58,8.5,0,0,0,0,7.36,0,0,0,0,0,0,40.3,1054
2015,7.94,0,3.88,0,0,0,0,19.66,0,0,0,0,0,0,41.04,9507
2015,5.3,25,8.32,0,0,0,0,7,0,0,0.62,0,0,0,40.34,9896
2015,6.18,22.5,5.82,0,0,0,0,0,0,0,0,0,0,0,35.98,9356
2015,9.66,5.76,0,0,0,0,0,1,0,0,0.14,0,0,0,40.16,7860
2015,10.52,2.5,3.2,0,0,0,0,15.39,0,0,0.24,0,0,0,37.36,8235
2015,5.94,18.42,0,0,0,0,0,8.91,0,0,0,0,0,0,40.04,9611
2015,4.6,10,2.66,0,0,0,0,5,0,0,0,0,0,0,38.8,7250
2015,15.44,20.5,0,0,0,0,0,9,0,0,0,0,0,0,36.32,8395
2015,9.58,0,0,0,0,0,0,17.48,0,0,1.1,0,0,0,0,4642
2015,10.36,16.98,0,0,0,0,0,28,0,0,0,0,0,0,40.84,7273
2015,4.52,22.5,0,0,0,0,0,25,0,0,0,0,0,0,40.44,7444
2015,6.88,11.68,31.52,0,0,0,0,23.49,0,0,0,0,0,0,39.38,1099
2015,11.44,35,0,0,0,0,0,13.77,0,0,0,0,0,0,36.34,11830
2015,8.02,37.3,36.02,0,0,0,0,7.29,0,0,0,0,0,0,0,12364
2015,0,36.24,0,0,0,0,0,7,0,0,0,0,0,0,37.18,12056
2015,9.62,0,0,0,0,0,0,12,0,0,0,0,0,0,76.74,9239
2015,10.2,0,0,0,0,0,0,16.2,0,0,0,0,0,0,35.8,7515.846154
2015,10.64,17.24,0,0,0,0,0,2.43,0,0,0,0,0,0,77.12,8410
2015,6.08,33.08,0,0,0,0,0,8.1,0,0,0,0,0,0,77.1,11234
2015,8.9,0,0,0,0,0,0,26.7,0,0,0,0,0,0,37.02,7200
2015,8.9,30,0,0,0,0,0,8.1,0,0,0,0,0,0,0,7399
2015,11.5,23.32,0,0,0,0,0,9.6,0,0,0,0,0,0,0,7474
2015,10.28,19.12,0,0,0,0,0,10.4,0,0,0,0,0,0,0,7501
2015,5.7,17.7,0,0,0,0,0,12,0,0,0,0,0,0,76.54,7088
2015,7.86,35.44,0,0,0,0,0,6.4,0,0,0,0,0,0,0,7154
2015,11.74,10,0,0,0,0,0,15,0,0,0,0,0,0,0,5705
2015,7.12,25.24,0,0,0,0,0,6.4,0,0,0,0,0,0,34,5940
2015,9.78,0,0,0,0,0,0,9.6,0,0,0,0,0,0,35.42,5421
2015,5.42,16.84,0,0,0,0,0,9.6,0,0,0,0,0,0,0,5375
2015,14.54,0,0,0,0,0,0,16.1,0,0,0,0,0,0,43.08,5264
2015,13.62,0,0,0,0,7.16,0,9,0,0,0,0,0,0,27.06,5025
2015,10.76,0,6.44,0,0,0,0,15.2,0,0,0,0,0,0,15.36,5680
2015,12.02,0,0,0,0,0,0,10.53,0,0,0,0,0,0,0,4409
2015,5,0,0,0,0,0,0,6.4,0,0,0,0,0,0,26.3,3940
2015,5.32,0,0,0,0,0,0,4.8,0,0,0,0,0,0,30.16,4544
2015,9.54,0,0,0,0,0,0,7.2,0,0,0,0,0,0,0,4144
2015,8.12,0,13.34,0,0,0,0,0,0,0,0,0,0,0,0,3885
2015,5.58,0,13.98,0,0,0,0,0,0,0,0,0,0,0,0,4174
2015,6.4,0,8.6,0,0,0,0,0,0,0,0,0,0,0,0,4442
2015,0,0,7.18,0,0,0,0,0,0,0,0,0,0,0,0,3718
2015,5.72,0,5.62,0,0,0,0,0,0,0,0,0,0,0,0,2370
2015,14.42,0,0,0,0,0,0,0,0,0,0,0,0,0,0,2168
2015,5.86,0,0,0,0,0,0,0,0,0,4.04,0,0,0,0,3520
2015,12.86,0,0,0,0,0,0,0,0,0,0,0,0,0,0.58,3018
2015,9.3,0,0,0,0,0,0,0,0,0,0,0,0,0,0,2218
2015,11.26,0,8.56,0,0,0,0,0,0,0,0,0,0,0,0.04,3109
2015,5.92,0,7.68,0,0,0,0,0,0,0,0,0,0,0,0,4365
2015,9.86,0,7.4,0,0,0,0,0,0,0,0,0,0,0,0,4278
2015,0,0,20.3,0,0,0,0,0,0,0,0,0,0,0,31.82,6394
2015,5.98,0,12.68,0,0,0,0,0,0,0,0,0,0,0,109.9,7291
2015,0,0,7.12,0,0,0,0,0,0,0,0,0,0,0,0,2216
2015,11.44,0,7.98,0,0,0,0,25,0,0,0,0,0,0,36.84,4074
2015,9.78,0,0,0,0,0,0,25,0,0,0,0,0,0,73.64,4089
2015,4.28,0,0,0,0,0,0,25,0,0,0,0,0,0,0,3531
2015,5.6,0,0,0,0,5.34,0,25,0,0,0,0,0,0,0,3546
2015,6.56,0,0,0,0,0,0,25,0,0,0,0,0,0,0,4367
2015,10.3,0,0,0,0,0,0,22.68,0,0,0,0,0,0,0,4012
2015,5.52,0,0,0,0,0,0,25,0,0,0,0,0,0,0,3616
2015,0,0,0,0,0,0,0,30.8,0,0,0,0,0,0,0,4792
2015,12.16,0,0,0,0,0,0,39.82,0,0,0,0,0,0,0,3032
2015,11.96,0,0,0,0,0,0,6.8,0,0,0,0,0,0,0,4657
2015,0,0,0,0,0,0,0,0,0,0,0,0,0,0,0,3279
2015,10.76,0,0,0,0,0,0,0,0,0,0,0,0,0,0,3505
2015,11.9,0,0,0,0,0,0,0,0,0,0,0,0,0,0,3366
2015,0,0,0,0,0,0,0,0,0,0,0,0,0,0,0,2898
2015,17.1,0,0,0,0,0,0,0,0,0,0,0,0,0,0,3168
2015,0,0,7.14,0,0,0,0,0,0,0,0,0,0,0,0,2736
2015,6,0,0,0,0,0,0,0,0,0,0,0,0,0,0,2249
2015,10.26,0,0,0,0,3.04,0,0,0,0,0,0,0,0,0,3206
2015,6,0,0,0,0,0,0,0,0,0,0,0,0,0,0,1810
2015,10.46,0,0,0,0,0,0,0,0,0,0,0,0,0,0,2938
2015,0,0,0,0,0,0,0,0,0,0,0,0,0,0,0,1976
2015,6.04,0,0,0,0,0,0,0,0,0,0,0,0,0,1.96,2368
2015,12.18,0,0,0,0,0,0,0,0,0,0,0,0,0,0,2672
2015,16.32,0,0,0,0,0,0,0,0,0,0,0,0,0,0,1869
2015,11.04,0,0,0,0,0,0,0,0,0,0,0,0,0,0,3111
2015,6.12,0,0,0,0,0,0,0,0,0,0,0,0,0,0,1240
2015,11.24,0,0,0,0,0,0,0,0,0,0,0,0,0,0,3027
2015,0,0,8.44,0,0,0,0,0,0,0,0,0,0,0,0,2750
2015,6.2,0,0,0,0,0,0,0,0,0,0,0,0,0,0,2154
2015,15.56,0,0,0,0,0,0,0,0,0,0,0,0,0,0,1769
2015,5.96,0,7.74,0,0,0,0,0,0,0,0,0,0,0,0,2441
2015,6.24,0,8.14,0,0,0,0,0,0,0,0,0,0,0,0,2361
2015,0,0,0,0,0,0,0,0,0,0,0,0,0,0,0,2165
2015,10.74,0,0,0,0,0,0,0,0,0,0,0,0,0,0,1744
2015,6.1,0,0,0,0,0,0,0,0,0,0,0,0,0,0,1923
2015,16.84,0,0,0,0,0,0,0,0,0,0,0,0,0,0,2178
2015,0,0,0,0,0,0,0,0,0,0,0,0,0,0,0,1283
2015,10.7,0,0,0,0,0,0,0,0,0,0,0,0,0,0,2024
2015,11.12,0,0,0,0,0,0,0,0,0,0,0,0,0,0,1733
2015,0,0,0,0,0,0,0,0,0,0,0,0,0,0,0,1804
2015,11.14,0,7.74,0,0,0,0,0,0,0,0,0,0,0,0,1552
2015,6.7,0,0,0,0,0,0,0,0,0,0,0,0,0,0,2322
2015,12.44,0,7.42,0,0,0,0,0,0,0,0,0,0,0,0,2329
2015,0,0,0,0,0,0,0,0,0,0,0,0,0,0,0,1783
2015,17.48,0,7.82,0,0,0,0,0,0,0,0,0,0,0,0,2490
2015,9.62,0,0,0,0,0,0,0,0,0,0,0,0,0,0,1942
2015,4.58,0,7.58,0,0,0,0,0,0,0,0,0,0,0,0,2793
2015,11.96,0,0,0,0,0,0,0,0,0,0,0,0,0,0,2474
2015,10.12,0,7.92,0,0,0,0,0,0,0,0,0,0,0,0,2391
2015,11.54,0,26.1,0,0,0,0,0,0,0,0.14,0,0,0,0,4158
2015,12.84,0,9.02,0,0,0,0,0,0,0,0,0,0,0,0,3168
2015,0,0,0,0,0,0,0,0,0,0,0,0,0,0,0,2848
2015,18.82,0,0,0,0,0,0,0,0,0,0,0,0,0,0,2841
2015,12.52,0,0,0,0,0,0,0,0,0,0,0,0,0,0,2585
2015,9.3,0,0,0,0,0,0,0,0,0,0,0,0,0,0,2437
2015,17.4,0,0,0,0,0,0,0,0,0,0,0,0,0,0,2738
2015,5.32,0,0,0,0,0,0,0,0,0,0,0,0,0,0,2960
2015,5.28,0,0,0,0,0,0,0,0,0,0,0,0,0,0,0
2015,0,0,0,0,0,0,0,0,0,0,0,0,0,0,0,2139
2015,10.58,0,7.5,0,0,0,0,3.2,0,0,0,0,0,0,0,2023
2015,21.7,0,0,0,0,0,0,5.4,0,0,0,0,0,0,0,2724
2015,11.36,0,0,0,0,0,0,3.6,0,0,0,0,0,0,0,2756
2015,11.56,0,0,0,0,0,0,4,0,0,0,0,0,0,0,2425
2015,12.5,0,0,0,0,0,0,1.3,0,0,0,0,0,0,0,3213
2015,5.96,0,0,0,0,0,0,6.3,0,0,0,0,0,0,0,2550
2015,16.18,0,0,0,0,0,0,6.4,0,0,0,0,0,0,0,1339
2015,0,0,0,0,0,0,0,4,0,0,0,0,0,0,0,2360
2015,0,0,0,0,0,0,0,4,0,0,0,0,0,0,0,1718
2015,9.64,0,11.68,0,0,2.4,0,14.48,0,0,0,0,0,0,0,2623
2015,12.2,0,14.52,0,0,7.5,0,19.4,0,0,0,0,0,0,0,2545
2015,7.68,0,0,0,0,3.4,0,29.6,0,0,0,0,0,0,0,3558
2015,6.72,0,8.08,0,0,0,0,10.4,0,0,0,0,0,0,0,2803
2015,17.56,0,23.28,0,0,0,0,30.8,0,0,0,0,0,0,0.16,5555
2015,6.52,0,15.18,0,0,0,0,26.92,0,0,0,0,0,0,0,5755
2015,6.34,0,12.34,0,0,0,0,1.6,0,0,0,0,0,0,0,5032
2015,10.34,0,13.22,0,0,0,0,1.39,0,0,0,0,0,0,0,3201
2015,6.3,0,21.04,0,0,0,0,0,0,0,0,0,0,0,0.08,5910
2015,12.24,0,14.14,0,0,0,0,0,0,0,0,0,0,0,0.14,5624
2015,14.68,0,0,0,0,0,0,0,0,0,0,0,0,0,0.25,4448
2015,7.3,0,10.6,0,0,0,0,0,0,0,0,0,0,0,0,3361
2015,17.48,0,0,0,0,0,0,0,0,0,0,0,0,0,0,2591
2015,4.18,0,7.18,0,0,0,0,0,0,0,0,0,0,0,0,2691
2015,6.38,0,0,0,0,0,0,0,0,0,0,0,0,0,0,2478
2015,11.72,0,7.82,0,0,0,0,0,0,0,0,0,0,0,0,2687
2015,9.28,0,0,0,0,0,0,0,0,0,0,0,0,0,0,2674
2015,0,0,0,0,0,0,0,0,0,0,0,0,0,0,0,1177
2015,5.92,12.5,0,0,0,0,0,0,0,0,0,0,0,0,0,9
2015,9.18,0,0,0,0,0,0,0,0,0,0,0,0,0,0,2232
2015,17.32,10,0,0,0,0,0,0,0,0,0,0,0,0,0,2847
2015,14.04,5,0,0,0,0,0,0,0,0,0,0,0,0,0,2880
2015,22.2,7.78,0,0,0,0,0,0,0,0,0,0,0,0,0,2954
2015,20.84,0,0,0,0,0,0,0,0,0,0,0,0,0,0,2949
2015,16.88,0,6.88,0,0,0,0,0,0,0,0,0,0,0,0,2836
2015,9.9,0,0,0,0,0,0,0,0,0,0,0,0,0,0,3277
2015,10.22,5,7.98,0,0,0,0,0,0,0,0,0,0,0,0,2980
2015,18.14,20,0,0,0,0,0,0,0,0,0,0,0,0,0,4139
2015,11.22,20,0,0,0,0,0,0,0,0,0,0,0,0,0,3468
2015,6,20,0,0,0,0,0,0,0,0,0,0,0,0,0,3890
2015,14.38,8.22,0,0,0,0,0,0,0,0,0,0,0,0,0,3724
2015,11.58,5,7,0,0,0,0,0,0,0,0,0,0,0,0,4309
2015,17.66,52.5,6.44,0,0,0,0,0,0,0,0,0,0,0,0,5724
2015,10.52,50,0,0,0,0,0,0,0,0,0,0,0,0,0,5820
2015,6.96,52.5,0,0,0,0,0,0,0,0,0,0,0,0,0,5755
2015,19.12,47.5,0,0,0,0,0,0,0,0,0,0,0,0,0,6946
2015,23.66,45,0,0,0,0,0,0,0,0,0,0,0,0,0,7038
2015,22.24,50,0,0,0,0,0,0,0,0,0,0,0,0,0,7407
2015,24.57,65.04,5.64,0,0,0,0,0,0,0,0,0,0,0,0,8281
2015,12.02,30.68,0,0,0,0,0,0,0,0,0,0,0,0,0,7925
2015,16.26,18.56,9.72,0,0,0,0,0,0,0,0,0,0,0,0,7761
2015,22.88,49,0,0,0,0,0,0,0,0,0,0,0,0,0,9509
2015,10.36,62.36,0,0,0,0,0,0,0,0,0,0,0,0,0,8379
2015,22.22,56.82,0,0,0,0,0,0,0,0,0,0,0,0,0,8468
2015,18.02,62,0,0,0,0,0,0,0,0,0,0,0,0,0,8262
2015,17.12,37.5,0,0,0,0,0,0,0,0,0,0,0,0,0,7065
2015,19.3,26.64,0,0,0,0,0,0,0,0,0,0,0,0,0,6805
2015,0,0,0,0,0,0,0,0,0,0,0,0,0,0,0,184
2015,0,0,0,0,0,0,0,0,0,0,0,0,0,0,0,0
2015,30.06,0,0,0,0,0,0,0,0,0,0,0,0,0,0,0
2015,0,0,0,0,0,0,0,0,0,0,0,0,0,0,0,0
2015,0,0,0,0,0,0,0,0,0,0,0,0,0,0,0,0
2015,0,0,0,0,0,0,0,0,0,0,0,0,0,0,0,0
2015,0,0,0,0,0,0,0,0,0,0,0,0,0,0,0,0
2015,0,0,0,0,0,0,0,0,0,0,0,0,0,0,0,0
2015,4.82,40.22,23.02,0,0,0,0,0,0,0,0,0,0,0,0,4222
2015,11.06,22.92,0,0,0,0,0,0,0,0,0,0,0,0,0,1927
2015,0,0,0,0,0,0,0,0,0,0,0,0,0,0,0,0
2015,2.88,23.6,11.18,0,0,0,0,0,0,0,0,0,0,0,0,3472
2015,16.98,98.3,0,0,0,0,0,0,0,0,0,0,0,0,0,9785
2016,6.24,63.54,0,0,0,0,0,0,0,0,0,0,0,0,0,11239
2016,15.84,63.18,0,0,0,0,0,0,0,0,0,0,0,0,0,9894
2016,16.4,60.84,0,0,0,0,0,0,0,0,0,0,0,0,0,10103
2016,11.6,50.48,0,0,0,0,0,0,0,0,0,0,0,0,0,8020
2016,16.22,95.09,0,0,0,3.9,0,8.8,0,0,0.76,0,0,0,0,13950
2016,56.78,83.82,0,0,0,6.32,0,2.25,0,0,0,0,0,0,0,16458
2016,45.86,60.18,0,0,0,0,0,3.75,0,0,0,0,0,0,0,15900
2016,32.02,10.9,0,0,0,0,0,0.95,0,0,0,0,0,0,0,10482
2016,23.52,62.4,0,0,0,0,0,0.75,0,0,0,0,0,0,0,12811
2016,12.04,104.64,4.26,0,0,0,0,1.95,0,0,0,0,0,0,0,14075
2016,7.02,94.94,10.56,0,0,6.86,0,0.37,0,0,0,0,0,0,0,9317
2016,22.28,122.78,0,0,0,7.02,0,1.75,0,0,0,0,0,0,0,15495
2016,5.5,142.44,11.66,0,0,2.4,0,0.75,0,0,0,0,0,0,0,17592
2016,18.94,140.36,5.84,0,0,0,0,3.75,0,0,0,0,0,0,0,19831
2016,6.52,169.89,4.96,0,0,0,0,1.57,0,0,0,0,0,0,3.34,20409
2016,15.3,153.54,0,0,0,0,0,2.25,0,0,0,0,0,0,0,23126
2016,16.72,138.2,0,0,0,0,0,4,0,0,0,0,0,0,0,17993
2016,0,84.32,4.58,0,0,0,0,0,0,0,0,0,0,0,0,15497
2016,0,34.18,0,0,0,0,0,0,0,0,0,0,0,0,0,10923
2016,0,121.62,12.32,0,0,0,0,0,0,0,0,0,0,0,0,15908
2016,23.78,124.14,0,0,0,0,0,3.75,0,0,0,0,0,0,0,21569
2016,18.86,135.95,0,0,0,0,0,7.5,0,0,0,0,0,0,0,22332
2016,7.12,143.26,0,0,0,0,0,0.75,0,0,0,0,0,0,0,16874
2016,10.7,96.2,0,0,0,0,0,21.21,0,0,0,0,0,0,0,12175
2016,11.08,132.78,0,0,0,0,0,4.4,0,0,0,0,0,0,0,17761
2016,14.3,126.3,0,0,0,0,0,1.5,0,0,0,0,0,0,0,18347
2016,17.48,110.62,0,0,0,0,0,3.75,0,0,0,0,0,0,0,12472
2016,19.66,126,4.7,0,0,0,0,3.75,0,0,0,0,0,0,0,20185
2016,3.92,113.4,0,0,0,0,0,1.5,0,0,0,0,0,0,0,18342
2016,22.94,107.12,0,0,0,0,0,3,0,0,0,0,0,0,0,19414
2016,6.66,40.92,5.48,0,0,0,0,0.5,0,0,0,0,0,0,0,12585
2016,19.66,37.52,3.66,0,0,0,0,2.25,0,0,0,0,0,0,0,8136
2016,17.22,38.38,0,0,0,8.52,0,2.25,0,0,0,0,0,0,0,7486
2016,17.74,53.6,0,0,0,6.6,0,2.6,0,0,0,0,0,0,0,10581
2016,21.72,26.74,0,0,0,0,0,2.25,0,0,0,0,0,0,0,7752
2016,14.54,26.5,0,0,0,0,0,2.25,0,0,0,0,0,0,0,8008
2016,17.6,0,0,0,0,0,0,2.25,0,0,0,0,0,0,0,4210
2016,0,0,0,0,0,0,0,0,0,0,0,0,0,0,0,3236
2016,0,0,0,0,0,0,0,0,0,0,0,0,0,0,0,3219
2016,0,0,0,0,0,0,0,0,0,0,0,0,0,0,0,1682
2016,0,0,0,0,0,0,0,0,0,0,0,0,0,0,0,2084
2016,4.38,33.14,0,0,0,0,0,0.75,0,0,0,0,0,0,0,3703
2016,24.7,32.36,0,0,0,0,0,3.75,0,0,0,0,0,0,0,6506
2016,16.64,30,0,0,0,0,0,2.25,0,0,0,0,0,0,0,4754
2016,5.82,40.76,0,0,0,0,0,0.75,0,0,0,0,0,0,0,6989
2016,21.02,51.04,0,0,0,0,0,2.25,0,0,0,0,0,0,0,11402
2016,16.7,24.08,0,0,0,0,0,2.25,0,0,0,0,0,0,0,7575
2016,0,15.58,0,0,0,0,0,0,0,0,0,0,0,0,0,1803
2016,26.06,57.74,0,0,0,0,0,2.25,5.82,0,0,0,0,0,11.24,9680
2016,5.88,26.76,0,0,0,0,0,0.75,12.06,0,0,0,0,0,0,9071
2016,16.42,37.06,0,0,0,0,0,2.25,0,0,0,0,0,0,0,7386
2016,11.84,70.34,0,0,0,0,0,2.25,0,0,0,0,0,0,0,12655
2016,9.44,44.07,0,0,0,0,0,1.5,0,0,0,0,0,0,0,7809
2016,0,77.6,0,0,0,5.7,0,0,23.94,0,0,0,0,0,0,5256
2016,12.14,100.36,0,0,0,0,0,1.5,0,0,0,0,0,0,0,17520
2016,7.18,130.8,0,0,0,0,0,0.75,5.66,0,0,0,0,0,0,17210
2016,10.28,101.7,0,0,0,0,0,1.5,0,0,0,0,0,0,0,13519
2016,20.08,68,0,0,0,0,0,2.25,6.32,0,0,0,0,0,0,10183
2016,21.28,113.8,0,0,0,0,0,2.25,0,0,0,0,0,0,0,15960
2016,18.58,88.06,0,0,0,0,0,2.25,0,0,0,0,0,0,0,12585
2016,11.7,95,0,0,0,0,0,1.5,0,0,0,0,0,0,0,17075
2016,0,107.8,0,0,0,0,0,1.5,0,0,0,0,0,0,3.24,18437
2016,12,63.47,0,0,0,0,0,1.5,0,0,0,0,0,0,0,14236
2016,19.22,52.04,0,0,0,0,0,13.5,0,0,0,0,0,0,0,12139
2016,5.98,95.56,0,0,0,0,0,1.5,0,0,0,0,0,0,0,15863
2016,0,104.6,0,0,0,0,0,0,0,0,0,0,0,0,0,15391
2016,25.8,100.56,0,0,0,0,0,3.75,0,0,0,0,0,0,0,14555
2016,14.72,111.44,0,0,0,0,0,2.25,0,0,0,0,0,0,0,16412
2016,11.22,106.24,0,0,0,0,0,1.5,0,0,0,0,0,0,0,17791
2016,5.24,127.18,0,0,0,0,0,0.75,0,0,0,0,0,0,0,14695
2016,11.46,137.16,0,0,0,0,0,2.25,0,0,0,0,0,0,0,18935
2016,19.6,144.28,0,0,0,0,0,3,0,0,0,0,0,0,0,20136
2016,5.94,114.32,0,0,0,0,0,1.5,0,0,0,0,0,0,0,16085
2016,0,122.66,0,0,0,0,0,0,0,0,0,0,0,0,0,17403
2016,8.22,36.4,0,0,0,0,0,1,0,0,0,0,0,0,0,12349
2016,6.32,64.28,8.44,0,0,0,0,1,0,0,0,0,0,0,0,12812
2016,33.72,7.78,10.9,0,0,0,0,34.56,0,0,0,0,0,0,0,14182
2016,12.44,0,0,0,0,0,0,44.95,0,0,0,0,0,0,0,9764
2016,0,0,0,0,0,0,0,34.75,0,0,0,0,0,0,0,6837
2016,0,0,5.02,0,0,0,0,16.35,0,0,0,0,0,0,0,5651
2016,20.28,0,0,0,0,0,0,46.5,0,0,0,0,0,0,0,8368
2016,38.46,0,0,0,0,0,0,59.41,0,0,0,0,0,0,0,11651
2016,12.08,0,0,0,0,0,0,57.04,0,0,0,0,0,0,0,8797
2016,12.18,0,0,0,0,0,0,29.78,0,0,0,0,0,0,0,9625
2016,14.74,0,8.16,0,0,0,0,34.18,0,0,0,0,0,0,24.38,10663
2016,4.3,0,9.4,0,0,0,0,34.75,0,0,0,0,0,0,0,12932
2016,19.54,61.34,0,0,0,0,0,9.36,24.68,0,0,0,0,0,0,14208
2016,6.8,18.53,0,0,0,0,0,6.96,0,0,0,0,0,0,0,12361
2016,0,0,0,0,0,0,0,0,0,0,0,0,0,0,0,7807
2016,14,0,7.62,0,0,0,0,1,0,0,0,0,0,0,0,6426
2016,31.8,31,0,0,0,0,0,29.66,0,0,0,0,0,0,0,9661
2016,12.84,0,0,0,0,0,0,34.24,0,0,0,0,0,0,0,8330
2016,11.46,0,0,0,0,0,0,30,0,0,0,0,0,0,0,8310
2016,16.4,0,0,0,0,0,0,27,0,0,0,0,0,0,0,7949
2016,4.92,0,0,0,0,0,0,28.6,0,0,0,0,0,0,0,8009
2016,16.94,0,0,0,0,0,0,45.94,0,0,0,0,0,0,0,8952
2016,11.58,0,9.06,0,0,0,0,49.14,0,0,0,0,0,0,0,10171
2016,18.1,0,5.74,0,0,0,0,46.88,0,0,0,0,0,0,0,9496
2016,9.56,0,15.6,0,0,0,0,49.9,0,0,0,0,0,0,0,12940
2016,7.5,0,0,0,0,0,0,48.74,0,0,0,0,0,0,0,10157
2016,5.8,0,10.72,0,0,0,0,49.36,0,0,0,0,0,0,0,10061
2016,6.32,0,0,0,0,0,0,25.26,0,0,0,0,0,0,0,9696
2016,12.2,0,0,0,0,0,0,25.18,0,0,0,0,0,0,0,8724
2016,6.64,0,0,0,0,0,0,25.48,0,0,0,0,0,0,0,8555
2016,4.94,0,26.58,0,0,0,0,10.19,0,0,0,0,0,0,0,9382
2016,10,0,23.72,0,0,0,0,11.64,0,0,0,0,0,0,0,5538
2016,9.7,0,33.58,0,0,3.06,0,3.06,0,0,0,0,0,0,0,5812
2016,16.2,0,0,0,0,6.34,0,5.78,0,0,0,0,0,0,0,6491
2016,18.76,0,0,0,0,0,0,6.4,0,0,0,0,0,0,9.68,7515
2016,4.52,0,0,0,0,0,0,20.12,0,0,0,0,0,0,0,6030
2016,11.82,0,0,0,0,0,0,42.22,0,0,0,0,0,0,0,8828
2016,6.38,0,0,0,0,0,0,22.96,0,0,0,0,0,0,0,7405
2016,5.44,0,0,0,0,0,0,30.48,0,0,0,0,0,0,0,6907
2016,9.56,0,0,0,0,0,0,29.68,0,0,0,0,0,0,0,8105
2016,23.08,0,0,0,0,0,0,36.78,0,0,0,0,0,0,0,8634
2016,10.07,0,6.1,0,0,0,0,46.47,0,0,0,0,0,0,0,8913
2016,4.76,0,7.1,0,0,0,0,45.14,0,0,0,0,0,0,0,9901
2016,5.28,0,15.68,0,0,0,0,41.11,0,0,0,0,0,0,0,9915
2016,8.32,0,0,0,0,0,0,46.14,0,0,0,0,0,0,0,8286
2016,5.88,0,0,0,0,0,0,47.08,0,0,0,0,0,0,0,10211
2016,12.86,0,0,0,0,0,0,41.69,0,0,0,0,0,0,0,9864
2016,7.32,0,0,0,0,0,0,44.27,0,0,0,0,0,0,0,9825
2016,4.04,0,15.36,0,0,0,0,41.35,0,0,0,0,0,0,0,12126
2016,0,0,34.42,0,0,0,0,0,0,0,0,0,0,0,0,8698
2016,29.52,0,0,0,0,0,0,8.24,0,0,0,0,0,0,0,6667
2016,11.28,0,0,0,0,0,0,29.08,0,0,0,0,0,0,12.02,7976
2016,0,0,0,0,0,0,0,47.35,0,0,0,0,0,0,0,8267
2016,11.4,0,0,0,0,7.28,0,24.64,0,0,0,0,0,0,0,7555
2016,5.9,0,0,0,0,0,0,32.24,0,0,0,0,0,0,0,8154
2016,6,0,0,0,0,0,0,34.37,0,0,0,0,0,0,0,7268
2016,16.18,0,0,0,0,0,0,39.74,0,0,0,0,0,0,0,7579
2016,7.88,0,0,0,0,0,0,26.91,0,0,0,0,0,0,36.48,9132
2016,0,0,0,0,0,0,0,10.65,12.36,0,14.34,0,0,0,0,9138
2016,11.64,0,0,0,0,0,0,50.8,0,0,2,0,0,0,36.06,10593
2016,0,0,0,0,0,0,0,37.72,0,0,0,0,0,0,73.6,10896
2016,16.68,0,0,0,0,0,0,37.18,0,0,0,0,0,0,36.78,10506
2016,0,0,0,0,0,0,0,0,0,0,4.5,0,0,0,0,6553
2016,12.52,0,0,0,0,0,0,11.08,0,0,5,0,0,0,6.42,6532
2016,24.8,0,0,0,0,0,0,12.15,0,0,19.56,0,0,0,12.42,9085
2016,4.02,0,0,0,0,0,0,8.74,0,0,0,0,0,0,0,7018
2016,0,0,0,0,0,0,0,0,0,0,0,0,0,0,0,6099
2016,0,0,0,0,0,0,0,0,0,0,0,0,0,0,0,4532
2016,0,0,0,0,0,0,0,0,0,0,0,0,0,0,36.44,2797
2016,15.48,0,0,0,0,0,0,5.97,0,0,0,0,0,0,36.52,4958
2016,37.52,0,0,0,0,0,0,4.86,11.78,0,0,0,0,0,0,4332
2016,10.2,0,0,0,0,0,0,21.16,12.58,0,0,0,0,0,0,9253
2016,18.82,0,0,0,0,0,0,19.38,0,0,0,0,0,0,35.92,10819
2016,0,0,0,0,0,0,0,0,0,0,0,0,0,0,73.06,6472
2016,12.52,0,0,0,0,0,0,11.94,0,0,0,0,0,0,36.58,5190
2016,11.6,0,0,0,0,0,0,14.14,0,0,0,0,0,0,36.76,5466
2016,5.76,0,0,0,0,0,0,5.58,0,0,0,0,0,0,110.02,4705
2016,14.88,0,0,0,0,0,0,23.04,11.96,0,0,0,0,0,73.02,5436
2016,0,0,0,0,0,0,0,0,0,0,0,0,0,0,24.68,7100
2016,17.48,0,0,0,0,0,0,6.14,0,0,0,0,0,0,0,5880
2016,6.4,0,0,0,0,0,0,12.36,0,0,0,0,0,0,0,3775
2016,11.44,0,0,0,0,0,0,20.12,0,0,0,0,0,0,0,4743
2016,12.78,0,0,0,0,0,0,11.22,11.98,0,0,0,0,0,36.46,5081
2016,12.08,0,0,0,0,0,0,15.52,12.08,0,0,0,0,0,0,5272
2016,0,0,0,0,0,0,0,0,0,0,0,0,0,0,0,4247
2016,0,0,0,0,0,0,0,11.01,0,0,0,0,0,0,0,3617
2016,0,0,0,0,0,0,0,23.87,0,0,0,0,0,0,36.24,3900
2016,26.18,0,7,0,0,0,0,16.11,0,0,0,0,0,0,36.38,4929
2016,9.48,0,0,0,0,0,0,14.48,0,0,0,0,0,0,36.42,4915
2016,16.78,0,0,0,0,0,0,11.04,0,0,0,0,0,0,0,4701
2016,6.42,0,0,0,0,0,0,13.28,0,0,0,0,0,0,0,5767
2016,10.76,0,6.58,0,0,0,0,7.25,0,0,0,0,0,0,0,4483
2016,0,0,11.5,0,0,0,0,14.34,0,0,0,0,0,0,0,3741
2016,5.6,0,0,0,0,0,0,20.13,12.16,0,0,0,0,0,0,5060
2016,12.52,0,0,0,0,0,0,9.44,24.4,0,0,0,0,0,0,5052
2016,11.22,0,0,0,0,7.48,0,20.04,0,0,0,0,0,0,0,5208
2016,12.42,0,0,0,0,0,0,25.18,0,0,0,0,0,0,0,6075
2016,12.76,0,0,0,0,1.14,0,16.68,23.16,0,0,0,0,0,0,6342
2016,0,0,0,0,0,0,0,18.5,23.9,0,0,0,0,0,0,5494
2016,6.12,0,6.86,0,0,0,0,3.06,0,0,0,0,0,0,0,5420
2016,13.26,0,0,0,0,0,0,18.1,11.72,0,0,0,0,0,0,5556
2016,17.08,0,6.6,0,0,0,0,20.48,0,0,0,0,0,0,0,6040
2016,16.04,0,0,0,0,0,0,23.11,23.5,0,0,0,0,0,0,8087
2016,0,0,0,0,0,0,0,8.8,0,0,0,0,0,0,0,5932
2016,7.5,0,0,0,0,0,0,6.22,0,0,0,0,0,0,0,4683
2016,24.92,0,0,0,0,0,0,16.02,0,0,0,0,0,0,7.72,5120
2016,6.04,0,0,0,0,0,0,9.94,23.66,0,0,0,0,0,6.8,5234
2016,10.22,0,0,0,0,0,0,7,23.76,0,0,0,0,0,7.8,6981
2016,0,0,0,0,0,0,0,0,24.08,0,0,0,0,0,5.54,7140
2016,18.66,0,0,0,0,0,0,12.46,0,0,0,0,0,0,4.82,6273
2016,18.36,0,0,0,0,0,0,5.2,23.78,0,0,0,0,0,0,6462
2016,6.04,0,0,0,0,0,0,0,11.72,0,0,0,0,0,0,6509
2016,5.48,0,0,0,0,0,0,0,11.84,0,0,0,0,0,0,3902
2016,12.56,0,0,0,0,0,0,4.18,0,0,0,0,0,0,0,4971
2016,6.48,0,0,0,0,0,0,4.3,0,0,0,0,0,0,0,4213
2016,6.26,0,0,0,0,0,0,4.44,0,0,0,0,0,0,0,869
2016,0,0,0,0,0,0,0,0,0,0,0,0,0,0,0,0
2016,0,0,0,0,0,0,0,0,0,0,0,0,0,0,0,0
2016,0,0,0,0,0,0,0,0,0,0,0,0,0,0,0,765
2016,6.26,0,0,0,0,0,0,3.68,4.74,0,0,0,0,0,0,3476
2016,32.74,0,0,0,0,0,0,0,30.44,0,0,0,0,0,0,3657
2016,31.1,0,0,0,0,0,0,0,12.02,0,0,0,0,0,34.92,5163
2016,25.6,0,0,0,0,0,0,23.32,12.98,0,0,0,0,0,0,6830
2016,0,0,0,0,0,0,0,27.18,0,0,0,0,0,0,0,6311
2016,11.42,0,12.58,0,0,0,0,22.08,0,0,0,0,0,0,0,8413
2016,10.84,0,6.9,0,0,0,0,16.6,10.52,0,0,0,0,0,0,6606
2016,6.28,0,0,0,0,0,0,15.05,0,0,0,0,0,0,0,5274
2016,12.2,0,0,0,0,0,0,14.76,0,0,0,0,0,0,0,3344
2016,6.06,0,6.94,0,0,0,0,20.7,0,0,0,0,0,0,6.52,5062
2016,11.82,0,0,0,0,0,0,11.84,6.52,0,0,0,0,0,0,3891
2016,0,0,0,0,0,0,0,30.72,0,0,0,0,0,0,0,2876
2016,5.66,0,0,0,0,0,0,32.58,0,0,0,0,0,0,0,4250
2016,6.96,0,6.4,0,0,0,0,10.26,20.74,0,0,0,0,0,0,6446
2016,6.06,0,7.28,0,0,0,0,5.3,0,0,0,0,0,0,0,5344
2016,11.68,0,14.58,0,0,0,0,6.98,0,0,0,0,0,0,0,5400
2016,12.38,0,0,0,0,0,0,6.32,13.06,0,0,0,0,0,0,3944
2016,12.12,0,0,0,0,0,0,6.12,0,0,0,0,0,0,0,4083
2016,14.96,0,6.5,0,0,0,0,6.72,0,0,0,0,0,0,0,4058
2016,0,0,11.48,0,0,0,0,0,0,0,0,0,0,0,5.4,3290
2016,4.7,0,8.82,0,0,0,0,1.8,0,0,0,0,0,0,5.24,3976
2016,10.8,0,6.98,0,0,0,0,10.56,0,0,0,0,0,0,7.82,4283
2016,12.78,0,0,0,0,0,0,0,24.68,0,0,0,0,0,5.26,3983
2016,11.26,0,0,0,0,0,0,0,35.86,0,0,0,0,0,6.88,5392
2016,5.26,0,0,0,0,0,0,5.2,0,0,0,0,0,0,7.38,5148
2016,16.68,0,6.32,0,0,0,0,0,23.88,0,0,0,0,0,0,5367
2016,11.42,0,13.9,0,0,0,0,11.38,0,0,0,0,0,0,0,7323
2016,18.46,0,0,0,0,0,0,13.24,0,0,0,0,0,0,0,5943
2016,15.54,0,0,0,0,0,0,6.18,0,0,0,0,0,0,0,4665
2016,5.7,0,0,0,0,0,0,5.62,0,0,0,0,0,0,0,4470
2016,16.6,0,0,0,0,0,0,6.94,0,0,0,0,0,0,0,4230
2016,10.82,0,0,0,0,0,0,3.5,0,0,0,0,0,0,5.12,4349
2016,17.88,0,0,0,0,9.54,0,3,0,0,0,0,0,0,5.28,4900
2016,12.96,0,5.82,0,0,7,0,3,0,0,0,0,0,0,5.08,4794
2016,6.08,0,12.46,0,0,7.38,0,0,0,0,0,0,0,0,4.92,4611
2016,0,0,0,0,0,0,0,0,0,0,0,0,0,0,0,2065
2016,12.08,0,10.8,0,0,2.64,0,0,12.36,0,0,0,0,0,0,4729
2016,0,0,0,0,0,0,0,0,0,0,0,0,0,0,0,0
2016,20.36,0,13.32,0,0,3.58,0,3,0,0,0,0,0,0,0,6280
2016,22.02,0,0,0,0,0,0,3,0,0,0,0,0,0,5.62,4480
2016,19.5,0,0,0,0,0,0,3,0,0,0,0,0,0,5.26,4083
2016,4,0,0,0,0,0,0,18.9,0,0,0,0,0,0,4.86,2688
2016,24.7,0,0,0,0,0,0,4.5,4.86,0,0,0,0,0,6.1,4466
2016,18.12,0,39.8,0,0,0,0,4.5,0,0,0,0,0,0,0,4838
2016,19.6,0,0,0,0,0,0,4.5,12.38,0,0,0,0,0,0,4849
2016,21.04,0,0,0,0,0,0,3,0,0,0,0,0,0,29.92,5428
2016,18.96,0,0,0,0,0,0,4,0,0,0,0,0,0,39.68,4576
2016,13.8,0,0,0,0,0,0,3,0,0,0,0,0,0,0,4479
2016,18.82,0,0,0,0,0,0,3,0,0,0,0,0,0,0,4708
2016,18.54,0,0,0,0,0,0,3,0,0,0,0,0,0,39.6,3637
2016,15.88,0,0,0,0,0,0,4.5,0,0,0,0,0,0,0,4098
2016,18.62,0,0,0,0,0,0,0,6.34,0,0,0,0,0,4,4324
2016,6.08,0,0,0,0,0,0,0,0,0,0,0,0,0,1.5,4471
2016,18.06,0,0,0,0,0,0,0,0,0,0,0,0,0,6,2195
2016,10.58,0,0,0,0,0,0,0,0,0,0,0,0,0,3,3103
2016,14.3,0,0,0,0,0,0,0,0,0,0,0,0,0,6,3425
2016,16.3,0,0,0,0,0,0,0,0,0,39.22,0,0,0,7,3389
2016,11.32,0,0,0,0,0,0,0,0,0,0,0,0,0,5,3668
2016,18.96,0,0,0,0,0,0,2.4,0,0,0,0,0,0,3,3073
2016,19.6,0,0,0,0,0,0,5,15.28,0,0,0,0,0,4,4271
2016,18.52,0,0,0,0,0,0,3,0,0,0,0,0,0,0,3450
2016,9.92,0,0,0,0,0,0,5,3.16,0,0,0,0,0,0,4774
2016,0,0,25.44,0,0,0,0,0,0,0,0,0,0,0,0,3214
2016,12.62,0,25.24,0,0,0,0,3,0,0,0,0,0,0,0,3280
2016,36.24,0,0,0,0,0,0,10,0,0,0,0,0,0,0,3155
2016,0,0,0,0,0,0,0,0,0,0,0,0,0,0,0,2678
2016,19.8,0,0,0,0,0,0,6,0,0,0,0,0,0,0,3788
2016,6.48,10.02,0,0,0,0,0,2,0,0,0,0,0,0,39.04,3416
2016,27.88,10.12,0,0,0,0,0,6,0,0,0,0,0,0,0,4165
2016,14.24,10.2,0,0,0,0,0,6,0,0,0,0,0,0,40.72,4192
2016,24.58,6.76,0,0,0,0,0,10,0,0,0,0,0,0,0,3823
2016,20.26,0,0,0,0,0,0,6,0,0,0,0,0,0,0,4888
2016,12.56,0,0,0,0,0,0,6,0,0,0,0,0,0,0,4354
2016,0,0,0,0,0,0,0,0,0,0,0,0,0,0,0,3472
2016,22.12,0,0,0,0,0,0,2,12.52,0,0,0,0,0,0,4872
2016,18.84,0,0,0,0,0,0,6,0,0,0,0,0,0,2,5338
2016,21.02,0,0,0,0,0,0,0,0,0,0,0,0,0,1.5,4639
2016,21.04,0,0,0,0,0,0,6,0,0,0,0,0,0,3,5376
2016,18.88,0,0,0,0,0,0,5,0,0,0,0,0,0,5,4704
2016,18.92,0,0,0,0,0,0,5,0,0,0,0,0,0,5,5109
2016,14.54,0,0,0,0,0,0,5,0,0,0,0,0,0,5,4553
2016,16.7,0,0,0,0,0,0,5,0,0,0,0,0,0,5,3853
2016,0,0,0,0,0,0,0,0,0,0,0,0,0,0,0,3236
2016,18.68,0,0,0,0,0,0,3,0,0,0,0,0,0,8,2979
2016,19.7,0,0,0.88,0,0,0,0,12.22,0,0,0,0,0,6,3954
2016,12.34,0,0,0,0,0,0,0,0,0,0,0,0,0,6,3736
2016,12.66,0,0,0.22,0,0,0,0,0,0,0,0,0,0,5,3691
2016,19.8,0,0,0.16,0,3.96,0,0,5,0,0,0,0,0,3,3220
2016,19.3,0,0,0.22,0,9.8,0,0,7.42,0,0,0,0,0,0,3660
2016,19.52,0,0,0.26,0,7.76,0,0,0,0,0,0,0,0,12,3720
2016,14.72,0,0,0.4,0,25.76,0,0,0,0,0,0,0,0,20,4050
2016,0,0,0,0,0,0,0,0,0,0,0,0,0,0,0,3638
2016,0,0,0,0,0,0,0,0,0,0,0,0,0,0,0,3196
2016,19.14,0,0,1.58,0,0,0,0,0,0,0,0,0,0,20,4227
2016,12.86,0,0,0.54,0,0,0,10,0,0,0,0,0,0,22.32,3986
2016,12.92,0,0,0.58,0,0,0,9.96,0,0,0,0,0,0,0,2292
2016,13.04,0,0,0.74,0,0,0,0,0,0,0,0,0,0,0,2771
2016,14.02,0,0,0.4,0,0,0,0,0,0,0,0,0,0,0,1119
2016,0,0,0,0,0,0,0,0,0,0,0,0,0,0,0,0
2016,27.2,0,0,0,0,0,0,0,0,0,0,0,0,0,0,3258
2016,7.3,0,0,0,0,0,0,0,0,0,0,0,0,0,0,2186
2016,14.36,0,0,2.9,0,0,0,0,0,0,0,0,0,0,11.98,1575
2016,5.72,0,0,0.96,0,0,0,0,0,0,0,0,0,0,0,2473
2016,28,0,0,1.14,0,0,0,0,0,0,0,0,0,0,0,3136
2016,20,0,0,1.04,0,0,0,0,0,0,0,0,0,0,0,3113
2016,25.16,0,0,1.16,0,0,0,0,0,0,0,0,0,0,0,1864
2016,45.82,0,0,1.2,0,0,0,0,0,0,0,0,0,0,0,5374
2016,4.48,0,6.5,0.82,0,0,0,0,0,0,0,0,0,0,0,4834
2016,0,0,0,1.26,0,0,0,0,0,0,0,0,0,0,0,2946
2016,21.12,0,0,1.18,0,0,0,0,0,0,0,0,0,0,0,3508
2016,19.94,0,0,1.12,0,0,0,0,0,0,0,0,0,0,0,2689
2016,34.34,0,0,1.22,0,0,0,0,0,0,0,0,0,0,5,4371
2016,18.64,0,0,1.16,0,0,0,0,0,0,0,0,0,0,5,3668
2016,18.64,0,0,3.25,0,10.58,0,0,0,0,0,0,0,0,0,4002
2016,13.9,0,0,3.3,0.88,7.14,0,0,0,0,0,0,0,0,0,3577
2016,26.14,0,0,3.22,0,6.38,0,0,0,0,0,0,0,0,0,3473
2016,12.32,0,0,3.9,0,6.3,0,0,0,0,0,0,0,0,0,3470
2016,18.94,0,0,5.72,0,0,0,0,0,0,0,0,0,0,7,3356
2016,16.94,0,0,2.54,0,0,0,0,0,0,0,0,0,0,5,2750
2016,23.84,0,0,4.72,0,0,0,0,0,0,0,0,0,0,15,4479
2016,17.98,0,0,5.78,0,0,0,0,0,0,0,0,0,0,10,3643
2016,13.14,0,0,6.42,0,0,0,0,0,0,0,0,0,0,5,2829
2016,24.86,0,0,3.76,0,0,0,0,0,0,0,0,0,0,15,3827
2016,26.74,0,0,5.84,0,0,0,0,0,0,0,0,0,0,6,4729
2016,25.44,0,0,4.74,0,3.88,0,0,0,0,0,0,0,0,5,3961
2016,18.44,0,0,4.1,22.42,0,0,0,0,0,0,0,0,0,0,5322
2016,24.74,0,0,4.44,0,0,0,0,0,0,0,0,0,0,15,4614
2016,6.9,0,0,4.3,0,0,0,0,0,0,0,0,0,0,3,3984
2016,41.6,0,0,4.88,0,0,0,0,0,0,0,0,0,0,5,5269
2016,17.22,0,0,5.92,23,0,0,0,0,0,0,0,0,0,4.84,4241
2016,5.8,0,0,5.92,29.48,0,0,0,0,0,0,0,0,0,0,3287
2016,31.64,0,0,4.68,28.42,0,0,0,0,0,0,0,0,0,0,5872
2016,19.62,0,0,5.2,26.22,0,0,0,0,0,0,0,0,0,0,5397
2016,0,0,0,6.34,27.44,0,0,0,0,0,0,0,0,0,0,2218
2016,0,0,0,0,25.78,0,0,0,0,0,0,0,0,0,0,0
2016,0,0,0,12.5,26.12,0,0,0,0,0,0,0,0,0,0,0
2016,14.52,0,0,10.32,25.04,0,0,0,0,0,0,0,0,0,0,1501
2016,33.56,0,0,1.64,15.68,0,0,0,0,0,0,0,0,0,0,2663
2016,10.88,0,0,5.54,0,0,0,0,0,0,0,0,0,0,0,8918
2016,25.14,0,0,9.68,26.64,0,0,0,0,0,0,0,0,0,0,8090
2016,34.2,0,0,5.48,26.86,0,0,0,0,0,0,0,0,0,0,7550
2016,26.74,0,0,6.32,25.56,0,0,0,0,0,0,0,0,0,0,8605
2016,33.9,0,0,0.88,0,0,0,0,0,0,0,0,0,260,0,12
2016,26.3,0,7.9,8.04,26.78,0,0,0,0,0,0,0,0,255,0,13
2016,27.2,0,0,8.98,26.62,0,0,0,0,0,0,0,0,172,0,8901
2016,20.58,0,0,11.64,26.72,0,0,0,0,0,0,0,0,132,0,7644
2016,34.01,15,0,8.98,0,0,0,0,0,0,0,0,0,270,0,8190
2016,29.5,13,0,9.24,0,11.02,0,0,0,0,0,0,0,157,0,9445
2016,23.76,12.24,0,9.24,0,8.04,0,0,0,0,0,0,0,58,0,9206
2016,29.97,12,0,8.62,51.02,4.92,0,0,0,0,0,0,0,160,0,10193
2016,33.66,15,0,12.5,27.1,0,0,0,0,0,0,0,0,220,0,10265
2016,19.14,15,0,16.62,27.1,0,0,0,0,0,0,0,0,260,0,11647
2016,26.38,18,0,11.08,24.84,0,0,0,0,0,0,0,0,260,0,10884
2016,39,25,0,4.48,26.24,0,0,0,0,0,0,0,0,260,0,13835
2016,28.16,25,0,15.48,25.74,0,0,0,0,0,0,0,0,260,0,11056
2016,29.88,22,0,14.6,25.02,0,0,0,0,0,0,0,0,218,0,12338
2016,27.28,30,0,6.2,27.12,0,0,0,0,0,0,0,0,260,0,14538
2016,26.2,35,0,13.04,26.12,0,0,0,0,0,0,0,0,260,0,3618
2016,6.36,5,0,13.3,21.78,0,0,0,0,0,0,0,0,112,0,7537
2016,29.06,20,0,12.3,24.76,0,0,0,0,0,0,0,0,97,0,13224
2016,45.94,35,0,12.82,24.54,0,0,0,0,0,0,0,0,220,0,18816
2016,21.5,35,0,13.94,28.98,0,0,0,0,0,0,0,0,0,0,12358
2016,21.54,35,0,9.86,29.66,0,0,0,0,0,0,0,0,131,0,12054
2016,31.3,36.5,0,15.4,26.26,3.76,0,0,0,0,0,0,0,203,0,12934
2016,24.4,42,0,8.28,27.8,0,0,0,0,0,0,0,0,143,0,12804
2016,32.2,40,0,13.08,25.46,0,0,0,0,0,0,0,0,204,0,18018
2016,14.4,45,0,13.84,28.08,0,0,0,0,0,0,0,0,220,0,16506
2016,17.68,28,0,12.38,24.74,0,0,0,12,0,0,0,0,265,0,14121
2016,25.32,30,0,17,25.96,0,0,0,0,0,0,0,0,190,0,12756
2016,32.76,45,0,8.5,24.52,0,0,0,0,0,0,0,0,72,0,13829
2016,22.7,46,0,10.12,58.62,0,0,0,0,0,0,0,0,94,0,13230
2016,31.66,45,0,13.7,56.3,0,0,0,0,0,0,0,0,172,0,16875
2016,19.62,40,6.86,16,52.3,0,0,0,0,0,0,0,0,71,0,15378
2017,0,50,0,13.06,29.34,0,0,0,11.98,0,0,0,0,210,0,13186
2017,31.66,48,0,8.76,55.1,0,0,14,10,0,0,0,0,158,0,14760
2017,31.94,45,0,10.98,55.3,0,0,0,10,0,0,0,0,90,0,10615
2017,26.22,8,6.08,8.62,26.02,0,0,0,35.52,0,0,0,0,90,0,7939
2017,24.22,62.5,0,16.38,57.12,4.2,0,10,0,0,0,0,0,170,0,6790
2017,27.04,70,0,8.84,57.08,11.56,0,17,0,0,0,0,0,178,0,15839
2017,18.9,51,7.78,17.78,56.2,4.08,0,7,0,0,0,0,0,198,0,17399
2017,19.68,58,6.78,13.54,59.72,20.42,0,13,0,0,0,0,0,195,0,15608
2017,0,71,0,12.3,58.8,8,0,0,0,0,0,0,0,177,0,13891
2017,25.76,68,7.04,14.18,54.74,14.36,0,18,0,0,0,0,0,183,0,15877
2017,33.22,72,13.8,4.72,57.48,0,0,20,0,0,0,0,0,211,0,23619
2017,24.18,63,7.12,19.28,59.92,0,0,10,0,0,0,0,0,215,0,19276
2017,39.06,78,0,10.78,0,0,0,15,0,0,0,0,0,208,0,18591
2017,20.82,77,0,19.42,0,0,0,25,0,0,0,0,0,141,0,19635
2017,27.08,70,0,9.66,0,0,0,18,0,0,0,0,0,178,0,19618
2017,19.06,20,13.78,6.22,0,0,0,47.6,0,0,0,0,0,197,0,20342
2017,32.76,0,0,17.84,0,0,0,81,0,0,0,0,0,205,0,19505
2017,26.64,0,0,18.08,0,0,0,74,0,0,0,0,0,208,0,14282
2017,45.8,0,0,10.3,0,0,0,49,0,0,0,0,0,218,0,13116
2017,40.82,42,0,16.8,60.06,0,0,26,0,0,0,0,0,206,0,14410
2017,27.7,0,0,9.2,58.8,0,0,54.4,0,0,0,0,0,198,0,14689
2017,26.14,0,0,7.62,59.66,0,0,18,0,0,0,0,0,151,0,5406
2017,0,0,0,16.72,60.36,0,0,0,0,0,0,0,0,169,0,0
2017,0,0,0,16.32,56.32,0,0,0,0,0,0,0,0,30,0,750
2017,97,0,0,11.8,60.16,0,0,15,0,0,0,0,0,188,0,12020
2017,27.48,0,0,8.62,30.54,0,0,12,0,0,0,0,0,0,0,11358
2017,0,0,0,0,0,0,0,0,0,0,0,0,0,48,0,8677
2017,0,0,0,10.44,0,0,0,0,0,0,0,0,0,90,0,6620
2017,0,0,0,10.78,0,0,0,0,0,0,0,0,0,100,0,7840
2017,0,0,0,6.64,0,0,0,0,0,0,0,0,0,30,0,6616
2017,27.74,0,0,9.76,0,0,0,5,0,0,0,0,0,60,0,8207
2017,26.5,0,0,9.06,0,0,0,20,0,0,0,0,0,130,0,11025
2017,25.72,0,0,9.92,29.88,0,0,20,0,0,0,0,0,76,0,10745
2017,26.72,0,0,21.2,28.34,0,0,18,0,0,0,0,0,66,0,9808
2017,27.66,0,0,14.1,57.8,0,0,29.6,0,0,0,0,0,130,0,10916
2017,19.68,0,0,11.74,58.98,0,0,5,0,0,0,0,0,153,0,11259
2017,40.24,0,0,7.04,60.3,5.82,0,20,0,0,0,0,0,151,0,13843
2017,19.2,0,0,15.68,57.42,7.88,0,25,0,0,0,0,0,169,0,11813
2017,26.16,0,0,16.36,61.32,10.36,0,35.4,0,0,0,0,0,182,0,11200
2017,29.7,64.22,0,13.76,60.16,0,0,27.6,0,0,0,0,0,189,0,14732
2017,32.34,54.02,0,11.38,61.28,0,0,28.2,0,0,0,0,0,144,0,16839
2017,19.44,31.24,0,9.78,30.6,0,0,29.4,0,0,0,0,0,196,0,15014
2017,20.58,0,0,11.3,30.7,0,0,20.4,0,0,0,0,0,161,0,11491
2017,26.96,0,0,12.58,61.64,0,0,22,0,0,0,0,0,202,0,13625
2017,27.24,32.42,0,12.88,62.3,0,0,20,0,0,0,0,0,216,0,14275
2017,0.9,61.52,0,16.68,62.3,8.36,0,15.6,0,0,0,0,0,221,0,14546
2017,26.92,63.84,0,9.5,61.92,11.86,0,12.4,0,0,0,0,0,214,0,20366
2017,42.76,72.56,0,21.68,62.4,3.96,0,4,0,0,0,0,0,234,0,20518
2017,33.02,62.8,0,8.26,62.4,0,0,0,0,0,0,0,0,253,0,16909
2017,27.96,0,0,16.52,62.36,0,0,15.75,0,0,0,0,0,262,0,16666
2017,27.88,70.28,0,15,62.38,0,0,0,0,0,0,0,0,273,0,16817
2017,21.08,51.38,0,15.52,31.12,0,0,0,0,0,0,0,0,280,0,19373
2017,6.38,0,0,15.06,61.08,0,0,12,0,0,0,0,0,267,0,11544
2017,38.62,0,0,16.96,31,0,0,18,0,0,0,0,0,272,0,12957
2017,18.4,0,0,15.86,62.86,0,0,21.6,0,0,0,0,0,260,0,16054
2017,35.02,0,0,17.66,58.9,0,0,16.2,0,0,0,0,0,282,0,15031
2017,31.86,0,0,12.02,31.1,0,0,20.25,0,0,0,0,0,248,0,13345
2017,28.96,0,0,11.6,0,0,0,18.45,0,0,0,0,0,222,0,14516
2017,42.78,0,0,16.04,62.68,0,0,13.5,0,0,0,0,0,246,0,16609
2017,33.66,0,0,14.37,62.22,0,7.86,19.8,0,5.66,0,0,0,180,0,16172
2017,36.18,0,0,19.64,62.54,0,0,2.7,0,5.6,0,0,0,242,0,15431
2017,26.32,0,0,14.98,61.42,0,14.96,15.3,0,6,0,0,0,201,0,15916
2017,33.02,0,0,19.74,62.2,0,7.68,15.3,0,0,0,0,0,247,0,20425
2017,23.98,0,0,14.46,62.42,7.88,7,15.3,0,0,0,0,0,234,0,18884
2017,27.92,0,0,9.94,31.2,12.62,15.08,5.4,0,5.81,0,0,0,218,0,8511
2017,34.36,0,0,23.58,62.42,11.08,16.24,10.35,0,2.68,0,0,0,218,0,17532
2017,12.04,0,0,15.8,62.44,11.3,0,10.35,0,0,0,0,0,230,0,17380
2017,31.8,0,0,29.3,62.66,9.02,14.84,10.35,0,0,0,0,0,227,0,16806
2017,27.12,0,0,14.8,60.3,4.08,14.76,10.35,0,0,0,0,0,230,0,15567
2017,29.36,0,0,29.94,62.4,8.8,14.66,10.35,0,0,0,0,0,223,0,14204
2017,27.44,0,0,14.24,61.78,13,7.04,10.35,0,0,0,0,0,261,0,17742
2017,35.74,0,0,11.42,62.48,7.16,6.64,10.35,0,0,0,0,0,271,0,18305
2017,12.24,0,0,27.24,62.4,0,20.8,10.35,0,0,0,0,0,282,0,20524
2017,22.7,0,0,20.54,62.4,0,15.98,0,0,0,0,0,0,301,0,18032
2017,19.7,0,0,23.34,30.94,0,5.4,0,0,0,0,0,0,82,0,7183
2017,40.2,0,0,19.04,62.46,0,13.84,0,0,8.22,0,0,0,201,0,17273
2017,20.2,0,0,20.66,62.4,0,8.86,0,0,0,0,0,0,241,0,15781
2017,26.2,0,0,28.58,31.14,0,14.68,0,0,0,0,0,0,263,0,19434
2017,27,0,0,14.7,31.04,0,13.22,0,0,5.58,0,0,0,262,0,18570
2017,26.74,0,0,21.12,61.66,0,16.44,0,0,5.76,0,0,0,263,0,18189
2017,13.04,0,0,25.86,59.9,0,14.88,0,0,5.72,0,0,0,263,0,16515
2017,25.46,0,0,24.98,58.98,0,14.36,0,0,5.78,0,0,0,200,0,17714
2017,14.18,0,0,18.56,60.22,0,6.92,0,0,5.62,0,0,0,201,0,15376
2017,26.64,0,0,22.44,60.86,0,12.68,0,0,0,0,0,0,190,0,13588
2017,20.66,0,0,25.66,60.54,0,6.9,0,0,0,0,0,0,202,0,17142
2017,19.84,0,0,13.32,59.36,0,14.88,0,0,5.5,0,0,0,201,0,15078
2017,36.24,0,0,27.8,59.96,0,13.72,0,0,5.82,0,0,0,200,0,14421
2017,38.3,0,0,23.6,60.84,0,0,0,0,5.74,0,0,0,201,0,14975
2017,20.3,0,0,15.86,58.66,0,15.28,0,0,0,0,0,0,200,0,13396
2017,20.96,0,0,26.26,57.48,0,20.38,0,0,2.5,0,0,0,244,0,14688
2017,25.54,0,0,18.44,58.94,4.74,13.68,0,0,0,0,0,0,252,0,14155
2017,27.72,0,0,31.14,60.44,8.28,0,0,0,0,0,0,0,272,0,16227
2017,34.98,0,0,19.84,60.82,5.96,0,0,0,0,0,0,0,279,0,13113
2017,23.32,0,0,17.92,0,0,13.9,0,0,0,0,0,0,182,0,9867
2017,21.34,0,0,18.98,57.68,0,22.48,0,0,3.28,0,0,0,283,0,11588
2017,19.64,0,0,29.9,59.28,8.38,15.76,0,0,5.68,0,0,0,202,0,14660
2017,33.38,0,0,22.64,58.64,12.06,6.72,0,0,5.7,0,0,0,321,0,18424
2017,21.14,0,0,21.2,60.8,8.72,14.9,0,0,0,0,0,0,311,0,15617
2017,36.04,0,0,27.08,58.3,12.6,7.12,0,0,0,0,0,0,286,0,11826
2017,17.28,0,0,26,60.72,4.32,14.54,0,0,5.7,0,0,0,337,0,11143
2017,25.9,0,0,31.12,58.7,4.4,0,0,0,5.62,0,0,0,343,0,15250
2017,26.58,0,0,21.2,62.14,12.72,6.84,0,0,5.52,0,0,0,320,0,12511
2017,20.46,0,0,35.4,62.28,6.24,28.38,0,0,5.86,0,0,0,320,0,14986
2017,33.56,0,0,20.92,62.58,0,0,0,0,5.96,0,0,0,320,0,7191
2017,14.42,0,0,31.3,31.26,0,16.88,0,0,0,0,0,0,294,0,8389
2017,27.26,0,0,26.62,30.22,0,6.96,0,0,0,0,0,0,300,0,15977
2017,25.22,0,0,28,31.14,0,13.4,0,0,5.64,0,0,0,307,0,12225
2017,25.3,0,0,24.84,30.48,0,7.62,0,0,5.76,0,0,0,296,0,11126
2017,28.44,0,0,30,62,0,16.42,0,0,5.58,0,0,0,119,0,13940
2017,18.56,0,0,27.24,61.3,0,32.36,0,0,5.8,0,0,0,163,0,13095
2017,13.86,0,0,18.68,62.3,0,6.3,0,0,5.96,0,0,0,160,0,8827
2017,33.08,0,0,45.06,61.52,0,0,0,0,0,0,0,0,203,0,13607
2017,29.7,0,0,25.58,61.9,0,15,0,0,0,0,0,0,340,0,16164
2017,20.09,0,0,19.14,92.46,0,14.22,0,0,5.7,0,0,0,360,0,14794
2017,28.38,0,0,38.64,62.2,0,15,0,0,2.58,0,0,0,385,0,13004
2017,19.78,0,0,30.62,62.36,0,16.78,0,0,0,0,0,0,400,0,14304
2017,26.74,0,0,32.06,60.82,0,6.46,0,0,0,0,0,0,375,0,13531
2017,25.92,0,0,29.6,61.78,0,13.92,0,0,0,0,0,0,370,0,15307
2017,26.74,0,0,41.02,62.34,0,8.04,0,0,0,0,0,0,442,0,13392
2017,35.3,0,0,31.28,0,0,6.96,0,0,0,0,0,0,442,0,10997
2017,13.12,0,0,26.72,0,0,28.84,0,0,0,0,0,0,465,0,15665
2017,24.74,0,0,34.86,0,0,13.68,0,0,0,0,0,0,440,0,13013
2017,0,0,0,33.58,0,0,0,0,0,0,0,0,0,432,0,13149
2017,37.62,0,0,35.92,0,0,0,0,0,0,0,0,0,340,0,14168
2017,19.84,0,0,32.42,0,0,22.46,0,0,0,0,0,0,441,0,18702
2017,26.3,0,0,37.72,0,0,22.6,0,0,0,0,0,0,443,0,14513
2017,23.04,0,0,22.66,30.5,0,8.02,0,0,0,0,0,0,30,0,6512
2017,28.56,0,0,45.06,61.72,0,6.84,0,0,0,0,0,0,254,0,15630
2017,32,0,0,43.76,59.4,1.92,6.74,0,0,0,0,0,0,375,0,15106
2017,12.66,0,0,35.72,62.32,0,7.76,0,0,0,0,0,0,350,0,14208
2017,26.4,0,0,20.2,62.08,8.68,5.56,0,0,0,0,0,0,302,0,13044
2017,19.4,0,0,48.62,62.02,9.64,23.5,0,0,0,0,0,0,157,0,3601
2017,32.46,0,0,35.62,61.06,8.7,0,0,0,0,0,0,0,63,0,13376
2017,0,0,0,27.16,57.18,13.2,0,0,0,0,0,0,0,36,0,0
2017,0,0,0,42.06,60.04,9.28,0,0,0,0,0,0,0,76,0,0
2017,39.38,0,0,53.12,57.76,9.36,20.12,0,0,3.16,0,0,0,119,0,11390
2017,45.68,0,0,24.24,60.18,11.56,7.42,0,0,5.9,0,0,0,160,0,11119
2017,19.24,0,0,49.92,59.9,8.8,22.44,0,0,0,0,0,0,83,0,9704
2017,36.38,0,0,28.08,58.72,8.46,15.76,0,0,8.58,0,0,0,184,0,15225
2017,26.3,0,0,42.14,60.14,0,7.6,10,0,0,0,0,0,178,0,12765
2017,24.84,0,0,51.26,59.24,0,15.92,7.5,0,0,0,0,0,173,0,14302
2017,29.78,0,0,31.02,58.64,0,19.7,10,0,2.88,0,0,0,182,0,14801
2017,23.26,0,0,37.04,58.92,0,7.32,10,0,5.56,0,0,0,173,0,14188
2017,20.46,0,0,43.2,58.9,0,6.56,10,0,5.98,0,0,0,136,0,13477
2017,22.84,0,0,20.9,59.62,0,15.1,15,0,2.88,0,0,0,185,0,11560
2017,25.12,0,0,62.1,55.06,0,9.26,15.3,0,0,0,0,0,154,0,16360
2017,25.68,0,0,16.6,58.28,0,14.56,15.3,0,0,0,0,0,101,0,13872
2017,18.38,0,0,64.66,58.3,0,21.06,12.15,0,0,0,0,0,102,0,12302
2017,17.92,0,0,7.4,58.96,0,31.22,15.3,0,0,0,0,0,174,0,23853
2017,18.12,0,0,55.3,0,0,16.3,10.8,0,0,0,0,0,164,0,17404
2017,12.78,0,0,29.66,47.06,0,22.92,1.35,0,3.02,0,0,0,295,0,13754
2017,25.78,0,0,42.36,58.5,0,22.32,15.3,0,0,0,0,0,308,0,18744
2017,18.66,0,0,43.7,57.22,0,27.96,20.25,0,5.76,0,0,0,312,0,18533
2017,24.08,0,0,26.58,30.18,0,7.2,20.25,0,5.64,0,0,0,310,0,18106
2017,11.2,0,0,48.3,55.42,0,16.32,20.25,0,0,0,0,0,334,0,16790
2017,5.56,0,0,33.08,58.76,3.5,27.16,18,0,0,0,0,0,352,0,18787
2017,27.6,0,0,42.48,56.68,0,6.78,20.25,0,2.44,0,0,0,392,0,18667
2017,11.4,0,0,13.48,58.74,8.46,7.76,15.75,0,2.84,0,0,0,398,0,18916
2017,17.84,0,0,62.46,59.86,12.7,13.22,35,0,5.62,0,0,0,476,0,19957
2017,17.74,0,0,19.62,61.18,3,6.2,35,0,0,0,0,0,480,0,19637
2017,24.52,0,0,40.38,0,0,11.82,35,0,11.26,0,0,0,406,0,17667
2017,33.44,0,0,62.98,0,12.56,14.34,35,0,0,0,0,0,239,0,19603
2017,13.08,0,0,36.06,58.82,8.14,0,35,0,0,0,0,0,309,0,17535
2017,21.74,0,0,42.56,57.48,0,22.36,27.9,0,5.14,0,0,0,316,0,18225
2017,12.26,0,0,49.56,59.58,0,12.28,35,0,0,0,0,0,208,0,14773
2017,18.58,0,0,43.02,119.14,0,14.96,35,0,0,0,0,0,315,0,17948
2017,18.12,0,0,39.44,60.12,0,13.64,12.6,0,3.18,0,0,0,244,0,15945
2017,24.44,0,0,26.42,58.98,0,30,15.75,0,0,0,0,0,250,0,16334
2017,30.78,0,0,42.4,59.22,0,5.8,15.57,0,0,0,0,0,250,0,16874
2017,20.96,0,0,45.54,59.88,0,27.44,22.05,0,0,0,0,0,248,0,17804
2017,12.02,0,0,44.8,59,0,14.96,35,0,3.36,0,0,0,197,0,17633
2017,5.54,0,0,14.48,58.14,0,0,35,0,5.98,0,0,0,211,0,16411
2017,27.16,0,0,65.06,56.78,0,31.58,27,0,5.86,0,0,0,230,0,18479
2017,30.74,0,0,50.64,58.14,0,14.26,36,0,5.66,0,0,0,273,0,19264
2017,17.94,0,0,43.54,57.74,0,22.42,36.9,0,5.68,0,0,0,291,0,20065
2017,22.14,0,0,54.94,59.5,0,13.06,27,0,0,0,0,0,318,0,18255
2017,18.7,0,0,41.56,57.5,0,0,40,0,0,0,0,0,327,0,19057
2017,6.64,0,0,50.14,4.36,0,34.72,10.8,0,5.32,0,0,0,314,0,16029
2017,12.2,0,0,39.2,30.22,0,18.7,24.75,0,6.34,0,0,0,339,0,20140
2017,17.54,0,0,45.08,59.64,1.9,22.48,13.5,0,5.98,0,0,0,341,0,21041
2017,35.92,0,0,41.2,59.28,0,13.08,5.4,0,5.94,0,0,0,366,0,12707
2017,0,0,0,48.48,59.42,0,0,0,0,0,0,0,0,364,0,0
2017,0,0,0,45.62,56.64,0,0,0,0,0,0,0,0,365,0,5326
2017,46.86,0,0,46.72,60.04,0,36.4,0,0,0,0,0,0,369,0,20731
2017,12.74,0,0,42.82,60.62,2.28,35.5,18,0,0,0,0,0,361,0,18843
2017,24.64,0,0,38.92,59.64,0,19.52,13.5,0,0,0,0,0,363,0,18522
2017,12.16,0,0,44.48,60.86,0,36.28,10.8,0,0,0,3.5,0,380,0,20155
2017,33.08,0,0,48.6,60.91,0,34.12,15.3,0,0,0,40.32,0,383,0,21001
2017,17.94,0,0,55.6,60.78,0,63.26,13.5,0,0,0,4.48,0,374,0,19774
2017,25.54,0,0,32.64,62.18,0,35.82,14.6,0,0,0,5,0,367,0,20885
2017,23.06,0,0,49.16,116.04,0,28.86,6.75,0,0,0,0,0,380,0,21385
2017,13.78,0,0,56.16,95.86,0,34.94,10.4,0,0,0,32.38,0,358,0,20009
2017,16.7,0,0,40.36,93.98,0,25.86,16.2,0,0,0,17.12,0,380,0,19403
2017,35.52,0,0,54.06,96.18,0,13.76,13.5,0,0,0,4,0,389,0,18854
2017,10.76,0,0,36.94,94.14,16.94,36.2,13.5,0,0,0,0,0,379,0,20677
2017,29.68,0,0,59.16,96,12.3,23.06,14.4,0,0,0,0,0,362,0,18252
2017,12.86,0,0,54.88,87.84,9.36,25.98,12.6,0,0,0,27.34,0,401,0,20496
2017,24.22,0,0,44.32,88.6,7.56,21.82,6.75,0,0,0,14.5,0,401,0,17882
2017,21.02,0,0,44.6,95.98,0,26.88,9.9,0,0,0,13.56,0,402,0,21378
2017,13.2,0,0,43.1,96.24,0,34.4,8.1,0,0,0,16.3,0,407,0,20517
2017,22.82,0,0,54.52,94.62,0,28.08,18,0,0,0,14,0,408,0,17781
2017,45.32,0,0,44.04,95.74,0,19.88,12.6,0,0,0,5,0,408,0,19180
2017,13.02,0,0,42.62,89.18,0,41.3,19.8,0,0,0,17,0,403,0,21517
2017,7.5,0,0,53.5,90.76,0,33.58,24.9,0,0,0,25.6,0,405,0,19710
2017,30.98,0,0,52.9,95.84,0,34.08,24.79,0,0,0,22.3,0,414,0,21433
2017,29.02,0,0,39.86,100.74,0,26.44,13.5,0,0,0,21.5,0,449,0,21744
2017,12.34,0,0,49.8,92.72,0,26.64,20.25,0,0,0,26.92,0,442,0,19497
2017,9.26,0,0,41.28,65.86,0,26.52,27.45,0,0,0,19.98,0,444,0,19761
2017,35.74,0,0,45.84,93.9,0,13.74,21.6,0,0,0,17,0,450,0,18392
2017,5.66,0,0,55.18,92.46,0,34.1,11.7,0,0,0,16.8,0,442,0,22450
2017,27.26,0,0,37.64,93.74,0,26.42,4.5,0,0,0,12.58,0,447,0,18819
2017,23.02,0,0,48.7,100.06,0,31.06,7.45,0,0,0,9.34,0,452,0,20163
2017,11.86,0,0,54.08,92.28,0,34.94,18.45,0,0,0,10.14,0,440,0,20769
2017,24.24,0,0,56.24,101.08,0,6.36,4.5,0,0,0,0,0,420,0,19414
2017,17.12,0,0,44.88,110.8,0,27.38,18.9,0,0,0,0,0,443,0,19881
2017,11.8,0,0,49.76,109.42,11.68,13.2,9,0,0,0,37.09,0,429,0,19262
2017,18.24,0,0,32.5,67.82,7.78,21.02,4.5,0,0,0,57.44,0,426,0,18396
2017,10.68,0,0,60.44,99.72,11.96,33.34,7.2,0,0,0,0,0,428,0,19286
2017,28.14,0,0,43.86,63.88,11.78,19.68,16.2,0,0,0,0,0,420,0,19317
2017,17.5,0,0,56.96,72.96,0,19.36,4.5,0,0,0,4.2,0,412,0,21580
2017,11.56,0,0,48.14,65.02,7.14,21.84,3.6,0,0,0,0,0,283,0,19299
2017,5.54,0,0,36.36,62.7,0,33.32,16.2,0,0,0,0,0,227,0,19255
2017,31.62,0,0,52.88,70.78,0,21.94,6.3,0,0,0,0,0,20,0,18009
2017,28.82,0,0,57.76,105.38,0,13.16,21.6,0,0,0,0,0,216,0,19625
2017,5.86,0,0,48.84,100.1,0,33.58,29.7,0,0,0,60,0,378,0,16968
2017,25.48,0,0,43.78,156.76,0,25.52,5.4,0,0,0,27.49,0,360,0,19644
2017,5.74,0,0,54.38,144.16,0,31.68,21.6,0,0,0,0,0,440,0,18428
2017,31.46,0,0,54.3,145.16,0,17.88,4.5,0,0,0,0,0,409,0,20863
2017,17.48,0,0,59.04,129.98,0,18.24,33.75,0,0,0,0,0,540,0,19049
2017,16.74,0,0,46.42,149.16,0,13.82,71.55,0,0,0,0,0,538,0,22360
2017,17.84,0,0,63.2,104,0,13.02,55,0,0,0,0,0,503,0,21000
2017,19.8,0,0,51.66,147.96,0,41.1,39.15,0,0,0,0,0,483,0,23204
2017,11.8,0,0,54.26,150.88,0,25.84,2.7,0,0,0,0,0,537,0,23008
2017,36.52,0,0,48.7,101.4,0,18.66,1.34,0,0,0,0,0,420,0,21128
2017,17.36,0,0,58.92,136.5,0,24.6,0,0,0,0,0,0,443,0,22143
2017,18.56,0,0,49.02,102.64,0,24.94,0,0,0,0,0,0,427,0,22440
2017,22.9,0,0,45.72,130.7,0,25.06,0,0,0,0,0,0,438,0,20864
2017,13.7,0,0,55.34,104.56,0,28.4,0,0,0,0,0,0,236,0,21857
2017,19.22,0,0,40.18,127.16,0,12.66,0,0,0,0,0,0,244,0,20646
2017,33.78,0,0,52.92,180.76,0,19.28,0,0,0,0,0,0,280,0,16126
2017,0,0,0,65.76,120.66,0,0,0,0,0,0,0,0,226,0,15022
2017,0,0,0,60.12,136.68,0,0,0,0,0,0,0,0,220,0,11722
2017,0,0,0,55.12,110.92,0,0,0,0,0,0,0,0,268,0,17036
2017,34.54,0,0,30.36,132.94,0,24.28,0,0,0,0,0,0,285,0,17093
2017,18.18,0,0,78.42,116.62,0,33.08,0,0,0,0,0,0,316,0,18324
2017,16.06,0,0,28.02,151.58,0,39.72,0,0,0,0,0,0,325,0,19015
2017,21.1,0,0,73.76,150.46,0,34.2,0,0,0,0,0,0,344,0,14304
2017,11.32,0,0,53.88,53.88,12.32,33.18,0,0,0,0,0,0,364,0,18793
2017,0.001,0,0,62.56,62.54,7.34,0,0,0,0,0,0,0,128,0,10941
2017,12.4,0,0,62.02,96.5,3.86,0,0,0,0,0,0,0,468,0,16703
2017,49.6,0,0,54.78,125.5,0,18.9,0,0,0,0,0,0,365,0,16693
2017,33.3,0,0,61.72,120.18,9.86,30.92,0,0,0,0,0,0,385,0,19403
2017,23.64,0,0,65.62,120.64,0,22.04,0,0,0,0,0,0,386,0,20184
2017,12.92,0,0,51.38,112,0,27.18,0,0,0,0,0,0,383,0,18727
2017,13.16,0,0,77.9,125.2,0,35.06,0,0,0,0,0,0,428,0,18572
2017,5.56,0,0,75.24,117.62,0,37.96,0,0,0,0,0,0,350,0,15515
2017,18.32,0,0,70.56,118.58,0,32.56,0,0,0,0,0,0,397,0,18532
2017,5.46,0,0,63.92,120.44,0,40.68,0,0,0,0,0,0,433,0,21448
2017,25.38,0,0,78.44,120,0,19.48,0,0,0,0,0,0,378,0,18084
2017,36,0,0,56.22,39.28,0,13.04,0,0,0,0,0,0,389,0,19718
2017,13.12,0,0,65.16,149.86,0,39.88,0,0,0,0,20,0,421,0,19283
2017,32.46,0,0,78.62,174,0,26.58,0,0,0,0,13.76,0,455,0,16033
2017,11.5,0,0,71.76,196.64,0,25.76,0,0,0,0,0,0,387,0,18643
2017,24.56,0,0,55.7,199.32,0,19.88,0,0,0,0,0,0,345,0,16428
2017,30.48,0,0,75.1,192.44,0,19.5,0,0,0,0,5.08,0,388,0,19115
2017,12.42,0,0,70.72,183.8,0,25.84,0,0,0,0,4.74,0,378,0,17393
2017,17.82,0,0,64.5,169.78,0,26.38,0,0,0,0,4.34,0,388,0,18919
2017,16.24,0,0,80.62,123.54,0,34.04,0,0,0,0,0,0,423,0,16364
2017,25.9,0,6.44,69.32,173.68,10.92,5.94,0,0,0,0,9.2,0,438,0,15687
2017,29.32,0,5.92,45.6,113.54,12.38,13.4,0,0,0,0,0,0,437,0,15781
2017,3.92,0,0,100.58,132.76,0,38.08,0,0,0,0,0,6.26,387,0,16773
2017,30.86,0,0,68.02,109.88,0,25.28,0,0,0,0,0,,389,0,20869
2017,19.26,0,0,59.4,110.76,0,25.74,0,0,0,0,0,5.76,316,0,15515
2017,25.36,0,0,99.2,154.98,0,20.68,0,0,0,0,0,0,142,0,17605
2017,12.28,0,0,59.24,115.5,0,31.88,5.4,0,0,0,0,0,331,0,17516
2017,17.9,0,0,46.86,130.16,0,12.54,5.4,0,0,0,0,0,351,0,14682
2017,12,0,0,63.5,66.7,0,24.44,5.4,0,0,0,0,,485,0,14765
2017,6.88,0,0,61.6,117.14,0,12.98,5.4,0,0,0,0,,410,0,16981
2017,9.56,0,0,76.52,114.84,0,17.18,5.4,0,0,0,0,0,408,0,13722
2017,30.94,0,0,66.14,120.86,0,12.24,5.4,0,0,0,0,5.88,396,0,19999
2017,31.54,0,0,50.22,66.48,6.3,25.62,1.8,0,0,0,0,6.4,388,0,18336
2017,18.36,0,0,63.8,138.82,7.5,26.22,5.4,0,0,0,0,6.5,380,0,18092
2017,16.8,0,0,56.58,107.52,10.7,38.58,5.4,0,0,0,0,,379,0,19284
2017,30.58,0,0,103.38,132.58,7.6,25.25,5.4,0,0,0,0,6.38,376,0,18940
2017,31.92,0,0,65.1,146.42,6.78,33.7,0,0,0,0,2.4,0,272,0,17730
2017,18.86,0,0,60.94,119.52,0,19.66,0,0,0,0,3.86,5.7,305,0,15759
2017,18.28,0,0,75.22,140.78,0,32.74,0,0,0,0,3.92,3.94,341,0,16851
2017,27.16,0,0,46.24,102.74,0,33.52,0,0,0,0,0,0,119,0,8987
2017,23.28,0,0,62.34,92.08,0,12.56,0,0,0,0,0,6.18,215,0,12296
2017,25.58,0,0,65.06,100.68,0,32.42,0,0,0,0,0,5.92,0,0,12280
2017,27.04,0,0,79.76,102.1,0,34.06,0,0,0,0,0,0,285,0,12642
2017,39.3,0,0,71.26,164.66,0,39.2,0,0,0,0,10.06,6.52,248,0,17361
2017,24.04,0,5.5,74.24,125.18,0,33.06,24.04,0,0,0,0,6.84,22,0,14861
2017,12.26,0,12.24,64.02,200.86,0,26.48,0,0,0,0,0,5.56,209,0,14844
2017,25.66,0,6.42,70.64,260.32,0,41.18,0,0,0,0,9.96,5.3,64.6,0,18302
2017,25.48,0,0,84.3,268.48,0,41.52,0,0,0,0,0,6.1,0,0,14561
2017,48.54,0,0,76.64,354.96,0,36.56,0,0,0,0,0,6.36,0,0,14193
2017,0,0,0,74.88,174.52,0,0,0,0,0,0,0,0,0,0,0
2017,0,0,0,26.24,181.16,0,0,0,0,0,0,0,0,0,0,0
2017,12.82,0,0,95.78,130.84,0,12.22,0,0,0,0,0,0,104,0,0
2017,29.96,0,7.2,80.16,284.04,0,18.14,0,0,0,0,0,6.72,160,0,4757
2017,45.22,0,0,75.2,418.65,0,20.64,0,0,0,0,0,7.36,204,0,13571
2017,0,0,0,85.12,280.56,0,49.56,0,0,0,0,0,0,240,0,14155
2017,11.04,0,0,76.04,351.9,11.46,13.44,0,0,0,0,0,7.26,300,0,14548
2017,19.94,0,0,73.32,140.08,0,18.8,4.5,0,0,0,0,0,180,0,12128
2017,18.3,0,0,60.86,150.74,7.92,36.4,4.5,0,0,0,0,6.2,200,0,12400
2017,34.86,0,0,65.94,117.22,0,20.7,4.5,0,0,0,0,0,251,0,14661
2017,18,0,0,93.68,221.26,0,33.62,0,0,0,0,0,5.8,272,0,19977
2017,12.12,0,0,70.76,287.92,0,41,0,0,0,0,0,0,260,0,17710
2017,44.66,0,6.72,91.28,123.12,0,18.84,0,0,0,0,0,6.34,288,0,18389
2017,18,0,0,64.38,100.5,0,27.72,10.35,0,0,0,0,4.56,102,0,18186
2017,11.84,0,6.14,50.42,97.86,0,26.62,10.35,0,0,0,0,0,50,0,15892
2017,38.52,0,0,85.04,91,0,13.58,7.65,0,0,0,0,5.62,98,0,12055
2017,39.12,0,0,83.92,124.66,0,26.82,10.35,0,0,0,0,0,123,0,13449
2017,29.82,0,0,72.14,139.4,0,33.38,10.35,0,0,0,0,6.78,83,0,13991
2017,31.4,0,5.86,80.6,116.86,0,27.62,0,0,0,0,0,0,100,0,15670
2017,25.54,0,0,68.28,121.88,0,28.46,0,0,0,0,0,0,160,0,16781
2017,22.46,0,6.44,48.94,100.36,0,39.28,0,0,0,0,0,0,204,0,14302
2017,23.8,0,0,104.54,128.34,0,45.44,0,0,0,0,0,0,260,0,18552
2017,18.3,0,0,69.88,72.1,0,6.54,0,0,0,0,0,6.66,151,0,8356
2017,24.56,0,4.56,83.96,99.1,0,50.96,0,0,0,0,0,4.06,306,0,15222
2017,41.14,0,10.84,96.3,95.58,0,32.76,0,0,0,0,0,5.22,0,0,17143
2017,26.92,0,0,60.86,116.64,0,36.96,0,0,0,0,0,6.2,0,0,19345
2017,24.2,0,3.76,58.08,134.6,0,48.66,0,0,0,0,0,5.12,,0,19299
2017,25.76,0,0,86.72,213.6,0,37.48,0,0,0,0,0,0,0,0,17272
2017,32.62,0,0,96.2,169.52,0,30.9,0,0,0,0,0,6.36,0,0,20468
2017,32.82,0,0,74.34,173.92,0,31.9,0,0,0,0,0,0,0,0,20573
2017,38.86,0,7.26,73.7,166.76,0,34.5,0,0,0,0,0,6.4,0,0,19952
2017,19.76,0,0,73.98,99.86,0,40.8,0,0,0,0,0,5.68,,0,18656
2017,27.26,0,0,64.84,102.84,0,39.04,0,0,0,0,0,0,,0,20258
2017,25.64,0,0,94.98,106.24,0,31.94,0,0,0,0,0,0,0,0,21170
2017,24.58,0,5.42,68.56,125.34,0,45.5,0,0,0,0,0,6.32,0,0,22799
2017,38.78,0,5.18,105.14,104.52,0,32.4,0,0,0,0,0,6.28,0,0,19908
2017,37.52,0,0,90.98,108.86,0,53.12,0,0,0,0,0,6.68,541,0,21009
2017,24.34,0,0,54.2,111.74,0,26.02,0,0,0,0,0,5.22,421,0,19914
2017,42.12,0,0,76.18,120.76,0,40.92,15,0,0,0,0,5.02,428,0,18874
2017,29.22,0,5,66.36,104.54,6.74,54.32,0,0,0,0,0,0,417,0,21643
2017,25.88,0,0,103.64,69.76,0,38.24,0,0,0,0,0,5.38,396,0,21278
2017,43.16,0,0,83.24,111.18,0,24.86,0,0,0,0,0,6.34,363,0,18248
2017,30.36,0,0,105.28,108.34,0,54.74,0,0,0,0,0,5.72,327,0,17840
2017,31.16,0,0,69.78,88.86,0,33.4,5.4,0,0,0,0,6.76,4.1,0,21141
2017,35.36,0,0,63.08,111.4,0,27.6,10.8,0,0,0,0,0,378,0,19657
2017,20.18,0,0,96.58,100.66,0,40.08,4.5,0,0,0,0,11.52,203,0,22195
2017,12.72,0,0,67.62,111.84,0,38.22,4.5,0,0,0,0,0,167,0,19714
2017,39.3,0,4.48,71.98,116.72,0,33.22,0,0,0,0,0,0,202,0,21030
2017,18.64,0,0,117.16,95.56,0,20.4,0,0,0,0,0,0,270,0,20451
2017,39.84,0,0,66.14,116.84,0,39.52,0,0,0,0,0,0,277,0,20543
2017,30.96,0,0,40.56,92.06,0,33.72,0,0,0,0,0,0,278,0,20875
2017,39.5,0,0,111.26,109.48,0,27.44,0,0,0,0,0,6.22,282,0,21222
2017,24.94,0,6.42,109.08,80.32,0,48.84,0,0,0,0,0,7.58,150,0,22809
2017,39.36,0,0,89.56,113.42,0,50.88,0,0,0,0,0,7.58,288,0,21903
2017,34.48,0,0,106.66,99.56,0,50,0,0,0,0,0,7.64,265,0,20814
2017,32.54,0,6.96,59.48,105.58,11.66,40.54,0,0,0,0,0,6.14,287,0,20813
2017,32.52,0,0,72.98,108.66,7.64,41.64,0,0,0,0,0,14.4,279,0,19834
2017,26.46,0,0,98.64,110.12,11.56,30.38,6.75,0,0,0,0,6.44,278,0,19039
2017,33.9,0,0,91.16,114.58,3.54,35.14,13.5,0,0,0,0,7.06,274,0,20027
2017,37.72,0,0,108.14,94.24,6.82,52.06,20.25,0,0,0,0,0,269,0,21595
2017,39,0,0,93.32,88.82,0,55.2,20.25,0,0,0,0,0,268,0,22701
2017,24.8,0,0,67.56,123.36,0,35.22,20.25,0,0,0,0,5.82,217,0,19566
2017,25.42,0,0,77.12,130.8,12,48.2,9,0,0,0,0,4.82,251,0,19579
2017,31.42,0,12.48,103.58,129.94,11.44,50.14,20.25,0,0,0,0,6.24,269,0,20319
2017,30.96,0,6.68,126.64,91.88,0,47.64,20.25,0,0,0,0,0,140,0,22824
2017,25.9,0,6.6,116.47,88.74,0,36.56,20.25,0,0,0,0,0,141,0,20373
2017,26.54,0,37.5,82.4,115.1,11.74,27.9,20.25,0,0,0,0,6.72,34,0,20568
2017,25.8,0,0,51.98,152.56,8.44,28.1,20.25,0,0,0,0,5.58,169,0,18746
2018,24.68,0,0,71.34,150.8,0,33.66,20.25,0,0,0,0,0,99,0,16839
2018,6.8,0,0,106.02,105.48,0,56.75,6.75,0,0,0,0,6.44,0,0,13502
2018,36.74,0,6.56,108.63,95.74,0,27.08,18,0,0,0,0,6.3,0,0,15562
2018,33.34,0,0,115.15,83.1,11.94,48.62,20.25,0,0,0,0,0,0,0,16067
2018,36.7,0,4.88,98.29,94.95,12.2,37.34,13.5,0,0,0,0,0,0,0,17189
2018,33.32,0,0,74.45,115.33,13.34,28.1,20.25,0,0,0,0,6.04,0,0,20171
2018,31.3,0,0,52.24,114.4,8,29.56,20.25,0,0,0,0,5.32,0,0,15486
2018,20.26,0,0,109.88,113.12,12.04,64.36,20.25,0,0,0,0,0,0,0,14971
2018,30.94,0,0,106.34,115.46,11.68,41.84,20.25,0,0,0,0,6.44,100,0,16321
2018,44.88,0,10.56,91.55,143.88,7.88,36.42,20.25,0,0,0,0,12.76,181,0,20493
2018,19.24,0,0,100.86,112.79,12.36,39.64,20.25,0,0,0,0,7.2,153,0,17614
2018,39.02,0,10.88,56.19,145.31,11.26,41.7,20.25,0,0,0,0,6.4,258,0,19348
2018,34.7,0,0,67.54,112.25,11.8,33.98,20.25,0,0,0,0,6.6,289,0,19977
2018,24.68,0,0,98.69,114.38,12.02,36.78,20.25,0,0,0,0,5.26,291,0,19272
2018,39.7,0,0,86.56,116.75,11.6,19.54,20.25,0,0,0,0,6.38,284,0,22037
2018,49.56,0,0,100.92,115.3,12.2,43.94,33.75,0,0,0,0,0,281,0,20559
2018,32.32,0,0,93.28,113.62,2.72,55.18,41.3,0,0,0,0,6.34,283,0,22491
2018,11.26,0,3.7,56.84,117.34,0,43.06,0,0,0,0,0,7,292,0,19002
2018,25.14,0,0,59.8,117.26,0,41.82,0,0,0,0,0,0,265,0,20528
2018,36.78,0,0,117.08,110.68,0,35.12,0,0,0,0,0,6.32,288,0,18111
2018,26.04,0,0,81.28,112.56,0,35.74,20.25,0,0,0,0,6.96,283,0,18805
2018,29.16,0,0,99.72,118.2,0,29.64,0,0,0,0,0,7.62,278,0,19184
2018,44.6,0,0,120,115.34,0,35.1,6.3,0,0,0,0,6.68,280,0,18674
2018,18.5,0,0,73.24,110.66,0,72.14,11.25,0,0,0,0,4.6,289,0,20001
2018,29.7,0,0,63.18,116.92,0,56.84,20.25,0,0,0,0,6.16,,0,18968
2018,19.34,0,0,119.4,109.78,0,48.36,9,0,0,0,0,5.54,184,0,19731
2018,30.76,0,0,102.48,115.58,0,41.26,20.25,0,0,0,0,0,200,0,24068
2018,18.62,0,0,104.88,114.46,0,42.44,0,0,0,0,0,6.08,395,0,19708
2018,24.88,0,0,108.62,109.94,0,34.32,0,0,0,0,0,5.7,391,0,15843
2018,30.9,0,0,101.3,113.7,0,27.8,20.25,0,0,0,0,4.84,393,0,19930
2018,19.98,0,0,93.3,108.74,0,49.44,0,0,0,0,0,0,371,0,18436
2018,38.44,0,0,97.48,54.1,0,27.2,11.7,0,0,0,0,0,365,0,21786
2018,27.56,0,0,103.38,139.32,0,51.12,20.25,0,0,0,0,0,355,0,19592
2018,44.48,0,0,99.22,110.42,0,57.8,9,0,0,0,0,0,356,0,20865
2018,40.62,0,0,77.3,113.38,7.72,49.62,0,0,0,0,0,0,369,0,23624
2018,24.54,0,5.78,52.38,89.4,2.6,45.5,4.5,0,0,0,0,0,352,0,22312
2018,33.64,0,0,58.86,146.82,15.48,49.58,10,0,0,0,0,0,270,0,20332
2018,24.78,0,0,81.02,115.66,21.62,42.2,9,0,0,0,0,0,242,0,20541
2018,27.1,0,0,75.5,118.54,0,35.42,8.1,0,0,0,0,0,205,0,19097
2018,45.78,0,0,79.4,137.709,0,64.08,0,0,0,0,0,0,0,0,17886
2018,24.46,0,0,80.94,115.16,0,71,0,0,0,0,0,0,69,0,18426
2018,42.78,0,0,54.14,116.58,0,52.92,11.25,0,0,0,0,0,0,0,17663
2018,39.24,0,0,60.08,112.9,0,37.3,6.75,0,0,0,0,0,0,0,16435
2018,23.34,0,0,68.16,143.1,0,78.54,9,0,0,0,0,0,30,0,18489
2018,37.78,0,0,59.14,147.18,0,50,0,0,0,0,0,0,82,0,15096
2018,0,0,0,15.4,58.46,0,0,0,0,0,0,0,0,63,0,7724
2018,0,0,0,21.06,0,0,0,0,0,0,0,0,0,0,0,10838
2018,0,0,0,39.6,4,0,0,0,0,0,0,0,0,18,0,7528
2018,0,0,0,37.26,59.56,0,0,10.35,0,0,0,0,0,167,0,9333
2018,37.86,0,0,36.8,114.18,0,49.12,13.5,0,0,0,0,0,37,0,9690
2018,38.7,0,0,54.92,88.24,0,64.38,4.5,0,0,0,0,0,8,0,15159
2018,30.68,0,0,75.4,49.58,0,43.76,20.25,0,0,0,0,0,68,0,12340
2018,23.8,0,0,86.28,114.22,0,35.94,20.25,0,0,0,0,0,88,0,15882
2018,29.6,0,0,55.02,117.76,11.1,64,9,0,0,0,0,0,0,0,18439
2018,33.7,0,0,59.52,107.76,10.68,47.58,10.8,0,0,0,0,0,212,0,17772
2018,63.76,0,0,86.62,83.1,11.03,64.38,11.25,0,0,0,0,0,188,0,18322
2018,12.44,0,0,96.18,111.46,11.52,33.98,15.75,0,0,0,0,0,301,0,19173
